invoiceNumber,po_id,amount,issue_date,due_date,paid_date,status,late_payment_flag,supplierReference,glAccount,costCenter,invoiceText,postingDate
INV-2a52fc2f,PO-02f971cb37,47822.58,2025-12-30T23:56:53,2026-01-29T23:56:53,,pending,False,7593857442190,GL-1166,CC-126,Invoice for PO PO-02f971cb37,2026-01-03 23:56:53
INV-fed80a3e,PO-02f971cb37,53229.15,2025-12-28T23:56:53,2026-01-27T23:56:53,2026-01-26T23:56:53,paid,False,5735327973298,GL-1073,CC-126,Invoice for PO PO-02f971cb37,2025-12-30 23:56:53
INV-9e873f71,PO-02f971cb37,48948.28,2025-12-31T23:56:53,2026-01-30T23:56:53,2026-01-28T23:56:53,paid,False,8489239381265,GL-1180,CC-126,Invoice for PO PO-02f971cb37,2026-01-06 23:56:53
INV-d6b2f89e,PO-03060afff8,28215.99,2023-03-01T00:09:58,2023-04-30T00:09:58,2023-04-19T00:09:58,paid,False,7477386232043,GL-1159,CC-117,Invoice for PO PO-03060afff8,2023-03-10 00:09:58
INV-63781b78,PO-045e199f2b,51345.43,2023-10-22T00:13:32,2023-11-21T00:13:32,2023-11-29T00:13:32,paid,True,8918787609250,GL-1036,CC-100,Invoice for PO PO-045e199f2b,2023-10-27 00:13:32
INV-60ab7bce,PO-045e199f2b,48953.19,2023-10-24T00:13:32,2023-11-23T00:13:32,2023-11-22T00:13:32,paid,False,2067385064094,GL-1020,CC-100,Invoice for PO PO-045e199f2b,2023-10-25 00:13:32
INV-2fdb2d3e,PO-045e199f2b,49701.38,2023-10-24T00:13:32,2023-11-23T00:13:32,2023-11-17T00:13:32,paid,False,1824372118748,GL-1042,CC-100,Invoice for PO PO-045e199f2b,2023-10-30 00:13:32
INV-7bc41d67,PO-0583355019,22747.22,2024-04-27T23:47:57,2024-06-26T23:47:57,2024-07-12T23:47:57,paid,True,7319413326175,GL-1020,CC-151,Invoice for PO PO-0583355019,2024-04-28 23:47:57
INV-28ecd127,PO-0583355019,20723.84,2024-04-26T23:47:57,2024-06-25T23:47:57,2024-06-17T23:47:57,paid,False,2896708369826,GL-1194,CC-151,Invoice for PO PO-0583355019,2024-05-05 23:47:57
INV-76f84362,PO-0583355019,20154.96,2024-04-29T23:47:57,2024-06-28T23:47:57,2024-06-17T23:47:57,paid,False,6098828441246,GL-1022,CC-151,Invoice for PO PO-0583355019,2024-05-06 23:47:57
INV-b4a4ef79,PO-0621a51e00,10846.58,2024-12-11T00:04:01,2025-02-09T00:04:01,2025-02-03T00:04:01,paid,False,7821445419379,GL-1185,CC-153,Invoice for PO PO-0621a51e00,2024-12-16 00:04:01
INV-97794c5f,PO-0621a51e00,9970.68,2024-12-08T00:04:01,2025-02-06T00:04:01,2025-02-04T00:04:01,paid,False,3954316653429,GL-1032,CC-153,Invoice for PO PO-0621a51e00,2024-12-09 00:04:01
INV-81933d99,PO-0621a51e00,9225.95,2024-12-10T00:04:01,2025-02-08T00:04:01,2025-02-06T00:04:01,paid,False,4972735609857,GL-1189,CC-153,Invoice for PO PO-0621a51e00,2024-12-12 00:04:01
INV-cb0e241b,PO-086a23f83a,3225.14,2023-12-06T00:08:00,2024-02-04T00:08:00,2024-01-26T00:08:00,paid,False,6015494416682,GL-1143,CC-132,Invoice for PO PO-086a23f83a,2023-12-10 00:08:00
INV-d8cd9d67,PO-086a23f83a,2985.3,2023-12-06T00:08:00,2024-02-04T00:08:00,2024-01-20T00:08:00,paid,False,0646159784301,GL-1194,CC-132,Invoice for PO PO-086a23f83a,2023-12-07 00:08:00
INV-adef2119,PO-086a23f83a,2742.49,2023-12-09T00:08:00,2024-02-07T00:08:00,2024-02-01T00:08:00,paid,False,8742961287503,GL-1014,CC-132,Invoice for PO PO-086a23f83a,2023-12-18 00:08:00
INV-fb7a43bd,PO-0be92622b7,74741.29,2023-07-02T00:06:06,2023-08-01T00:06:06,2023-07-25T00:06:06,paid,False,7424913207616,GL-1133,CC-131,Invoice for PO PO-0be92622b7,2023-07-11 00:06:06
INV-f6c0f7e2,PO-0cc6c1e820,500.0,2023-10-31T00:13:43,2023-11-30T00:13:43,2023-11-17T00:13:43,paid,False,4541863390106,GL-1008,CC-132,Invoice for PO PO-0cc6c1e820,2023-11-01 00:13:43
INV-1f7c9267,PO-0d2268ae2c,76041.86,2025-09-27T23:55:14,2025-11-26T23:55:14,2025-11-24T23:55:14,paid,False,0282786765773,GL-1155,CC-125,Invoice for PO PO-0d2268ae2c,2025-10-02 23:55:14
INV-9f11ae82,PO-0d2268ae2c,70360.54,2025-09-27T23:55:14,2025-11-26T23:55:14,2025-11-14T23:55:14,paid,False,5783910287000,GL-1113,CC-125,Invoice for PO PO-0d2268ae2c,2025-09-29 23:55:14
INV-07e86466,PO-0dfe7623e0,5511.8,2025-01-25T23:53:04,2025-04-25T23:53:04,2025-04-16T23:53:04,paid,False,6052381886852,GL-1040,CC-145,Invoice for PO PO-0dfe7623e0,2025-01-31 23:53:04
INV-476730dd,PO-0ea1b5270b,47546.26,2023-11-14T23:55:40,2023-12-14T23:55:40,2023-12-07T23:55:40,paid,False,4796762888494,GL-1115,CC-141,Invoice for PO PO-0ea1b5270b,2023-11-24 23:55:40
INV-c09009cc,PO-0ea1b5270b,48332.96,2023-11-15T23:55:40,2023-12-15T23:55:40,2023-12-28T23:55:40,paid,True,5031306113977,GL-1154,CC-141,Invoice for PO PO-0ea1b5270b,2023-11-20 23:55:40
INV-c394f1e3,PO-0ea1b5270b,54120.77,2023-11-13T23:55:40,2023-12-13T23:55:40,2023-12-05T23:55:40,paid,False,6768416713443,GL-1185,CC-141,Invoice for PO PO-0ea1b5270b,2023-11-17 23:55:40
INV-1eefb7d8,PO-0eb3f928cd,150000.0,2023-07-01T23:49:06,2023-09-29T23:49:06,2023-09-27T23:49:06,paid,False,6500970709445,GL-1178,CC-133,Invoice for PO PO-0eb3f928cd,2023-07-05 23:49:06
INV-4b65416d,PO-0f6840040b,1849.04,2025-11-22T23:55:29,2026-02-20T23:55:29,2026-02-06T23:55:29,paid,False,4876671899764,GL-1043,CC-102,Invoice for PO PO-0f6840040b,2025-11-25 23:55:29
INV-72ec625b,PO-0f6840040b,1827.43,2025-11-20T23:55:29,2026-02-18T23:55:29,2026-02-03T23:55:29,paid,False,0618177177823,GL-1195,CC-102,Invoice for PO PO-0f6840040b,2025-11-24 23:55:29
INV-726da7e8,PO-0f6840040b,2072.61,2025-11-19T23:55:29,2026-02-17T23:55:29,2026-02-03T23:55:29,paid,False,0124531463575,GL-1032,CC-102,Invoice for PO PO-0f6840040b,2025-11-22 23:55:29
INV-f19276fd,PO-0fd70b5df8,74842.08,2025-05-27T23:49:57,2025-08-25T23:49:57,2025-08-17T23:49:57,paid,False,6456308583723,GL-1200,CC-134,Invoice for PO PO-0fd70b5df8,2025-06-05 23:49:57
INV-9a4fc47f,PO-0fd70b5df8,75157.92,2025-05-28T23:49:57,2025-08-26T23:49:57,,overdue,False,3428258944773,GL-1154,CC-134,Invoice for PO PO-0fd70b5df8,2025-06-03 23:49:57
INV-4b11fcb7,PO-10c9f6e706,150000.0,2023-07-01T23:51:01,2023-09-29T23:51:01,2023-09-24T23:51:01,paid,False,8242973599972,GL-1160,CC-139,Invoice for PO PO-10c9f6e706,2023-07-05 23:51:01
INV-c2353d50,PO-126aecd45b,46097.15,2025-05-17T00:01:35,2025-08-15T00:01:35,2025-08-08T00:01:35,paid,False,1667036069754,GL-1129,CC-140,Invoice for PO PO-126aecd45b,2025-05-18 00:01:35
INV-a85033d1,PO-126aecd45b,41583.43,2025-05-14T00:01:35,2025-08-12T00:01:35,2025-08-07T00:01:35,paid,False,6954894541245,GL-1005,CC-140,Invoice for PO PO-126aecd45b,2025-05-22 00:01:35
INV-9f79ab57,PO-147a5e60b5,79597.41,2024-09-16T23:50:02,2024-12-15T23:50:02,2024-12-23T23:50:02,paid,True,4224007708387,GL-1030,CC-128,Invoice for PO PO-147a5e60b5,2024-09-24 23:50:02
INV-14b1b6a7,PO-147a5e60b5,69469.9,2024-09-14T23:50:02,2024-12-13T23:50:02,2024-12-05T23:50:02,paid,False,7145295310946,GL-1050,CC-128,Invoice for PO PO-147a5e60b5,2024-09-22 23:50:02
INV-7c45478e,PO-18df562646,1150.65,2025-07-01T00:13:02,2025-09-29T00:13:02,2025-09-20T00:13:02,paid,False,6086133323081,GL-1146,CC-103,Invoice for PO PO-18df562646,2025-07-11 00:13:02
INV-1d0d8661,PO-18df562646,1284.7,2025-07-03T00:13:02,2025-10-01T00:13:02,2025-09-25T00:13:02,paid,False,7562700904086,GL-1065,CC-103,Invoice for PO PO-18df562646,2025-07-08 00:13:02
INV-67f90ea5,PO-18df562646,1195.53,2025-07-01T00:13:02,2025-09-29T00:13:02,2025-09-19T00:13:02,paid,False,4353186499455,GL-1163,CC-103,Invoice for PO PO-18df562646,2025-07-02 00:13:02
INV-80d3196d,PO-196c8ee774,35463.28,2023-07-26T00:01:54,2023-08-25T00:01:54,2023-08-10T00:01:54,paid,False,6493551722790,GL-1151,CC-103,Invoice for PO PO-196c8ee774,2023-08-05 00:01:54
INV-d0bbdb27,PO-19a94e4327,262.2,2025-11-09T23:54:36,2026-01-08T23:54:36,2025-12-26T23:54:36,paid,False,6572450145357,GL-1010,CC-146,Invoice for PO PO-19a94e4327,2025-11-13 23:54:36
INV-dbd25cd6,PO-19a94e4327,291.47,2025-11-10T23:54:36,2026-01-09T23:54:36,2026-01-08T23:54:36,paid,False,8138678591789,GL-1165,CC-146,Invoice for PO PO-19a94e4327,2025-11-12 23:54:36
INV-92939f2e,PO-19a94e4327,319.18,2025-11-09T23:54:36,2026-01-08T23:54:36,2025-12-31T23:54:36,paid,False,3342260876719,GL-1165,CC-146,Invoice for PO PO-19a94e4327,2025-11-13 23:54:36
INV-2ac0dc70,PO-1a6f2edceb,27560.47,2025-12-14T00:11:43,2026-01-13T00:11:43,2026-01-04T00:11:43,paid,False,0323227956845,GL-1179,CC-127,Invoice for PO PO-1a6f2edceb,2025-12-21 00:11:43
INV-75f0ec03,PO-1a6f2edceb,31031.15,2025-12-14T00:11:43,2026-01-13T00:11:43,2026-01-30T00:11:43,paid,True,5646341978001,GL-1023,CC-127,Invoice for PO PO-1a6f2edceb,2025-12-18 00:11:43
INV-dc18e762,PO-1a6f2edceb,30378.04,2025-12-14T00:11:43,2026-01-13T00:11:43,2026-01-04T00:11:43,paid,False,4218322868482,GL-1076,CC-127,Invoice for PO PO-1a6f2edceb,2025-12-22 00:11:43
INV-b1a2628e,PO-1acdf1a14b,7643.67,2025-12-03T00:07:20,2026-01-02T00:07:20,2026-01-01T00:07:20,paid,False,7977221426229,GL-1156,CC-176,Invoice for PO PO-1acdf1a14b,2025-12-13 00:07:20
INV-be81a664,PO-1acdf1a14b,8983.98,2025-12-03T00:07:20,2026-01-02T00:07:20,2025-12-30T00:07:20,paid,False,0768124889191,GL-1088,CC-176,Invoice for PO PO-1acdf1a14b,2025-12-13 00:07:20
INV-c0634cb7,PO-2124327db7,24212.41,2024-10-09T00:11:34,2024-12-08T00:11:34,2024-12-03T00:11:34,paid,False,2102442438675,GL-1053,CC-120,Invoice for PO PO-2124327db7,2024-10-11 00:11:34
INV-c06d9906,PO-2124327db7,26198.52,2024-10-06T00:11:34,2024-12-05T00:11:34,2024-12-04T00:11:34,paid,False,1696290771400,GL-1115,CC-120,Invoice for PO PO-2124327db7,2024-10-13 00:11:34
INV-ddf13e14,PO-21393afd0d,5252.64,2025-07-17T23:48:51,2025-08-16T23:48:51,2025-08-01T23:48:51,paid,False,6544679354117,GL-1026,CC-139,Invoice for PO PO-21393afd0d,2025-07-18 23:48:51
INV-a5ba65a3,PO-21393afd0d,5249.29,2025-07-18T23:48:51,2025-08-17T23:48:51,2025-08-03T23:48:51,paid,False,0933877151172,GL-1046,CC-139,Invoice for PO PO-21393afd0d,2025-07-25 23:48:51
INV-95ad4d7a,PO-21ba44626c,3176.28,2023-11-24T00:04:40,2024-02-22T00:04:40,2024-02-16T00:04:40,paid,False,1293453947124,GL-1168,CC-116,Invoice for PO PO-21ba44626c,2023-11-29 00:04:40
INV-e293537b,PO-21ba44626c,2762.66,2023-11-25T00:04:40,2024-02-23T00:04:40,2024-02-22T00:04:40,paid,False,0176497341558,GL-1153,CC-116,Invoice for PO PO-21ba44626c,2023-12-05 00:04:40
INV-9b022a13,PO-21eec39c65,49102.01,2025-12-09T23:54:43,2026-01-08T23:54:43,2025-12-24T23:54:43,paid,False,4802518556316,GL-1020,CC-166,Invoice for PO PO-21eec39c65,2025-12-12 23:54:43
INV-69ed1458,PO-21eec39c65,49320.65,2025-12-08T23:54:43,2026-01-07T23:54:43,2025-12-29T23:54:43,paid,False,6838878305187,GL-1070,CC-166,Invoice for PO PO-21eec39c65,2025-12-14 23:54:43
INV-d70e50fc,PO-21eec39c65,51577.34,2025-12-10T23:54:43,2026-01-09T23:54:43,2026-01-08T23:54:43,paid,False,9914463549055,GL-1150,CC-166,Invoice for PO PO-21eec39c65,2025-12-19 23:54:43
INV-e3db23e2,PO-244379fff6,708.07,2025-02-01T23:58:45,2025-03-03T23:58:45,2025-02-28T23:58:45,paid,False,9146594917308,GL-1194,CC-171,Invoice for PO PO-244379fff6,2025-02-10 23:58:45
INV-c65da5d5,PO-2447dcba1c,77169.92,2025-09-05T23:59:37,2025-10-05T23:59:37,2025-09-25T23:59:37,paid,False,9740186628698,GL-1105,CC-100,Invoice for PO PO-2447dcba1c,2025-09-15 23:59:37
INV-b6164d16,PO-2447dcba1c,72830.08,2025-09-03T23:59:37,2025-10-03T23:59:37,2025-09-23T23:59:37,paid,False,8703480610173,GL-1047,CC-100,Invoice for PO PO-2447dcba1c,2025-09-05 23:59:37
INV-4a56196d,PO-24cc48f312,150000.0,2024-06-29T00:03:52,2024-09-27T00:03:52,2024-09-16T00:03:52,paid,False,7069139792456,GL-1054,CC-124,Invoice for PO PO-24cc48f312,2024-07-05 00:03:52
INV-ee25c0b3,PO-26076dbdd1,30952.53,2025-06-02T00:12:50,2025-08-31T00:12:50,2025-09-01T00:12:50,paid,True,8120544287186,GL-1135,CC-126,Invoice for PO PO-26076dbdd1,2025-06-12 00:12:50
INV-50cc6a88,PO-265df61324,54885.09,2023-05-28T00:02:13,2023-07-27T00:02:13,2023-07-24T00:02:13,paid,False,9066781917655,GL-1171,CC-110,Invoice for PO PO-265df61324,2023-05-29 00:02:13
INV-040fee5a,PO-265df61324,45144.15,2023-05-28T00:02:13,2023-07-27T00:02:13,2023-07-19T00:02:13,paid,False,6787834398902,GL-1131,CC-110,Invoice for PO PO-265df61324,2023-06-04 00:02:13
INV-202cf051,PO-265df61324,49970.76,2023-05-29T00:02:13,2023-07-28T00:02:13,2023-07-21T00:02:13,paid,False,0491878532067,GL-1171,CC-110,Invoice for PO PO-265df61324,2023-05-31 00:02:13
INV-2dbea8b8,PO-28353da0d5,6782.44,2023-01-12T23:45:52,2023-03-13T23:45:52,2023-03-02T23:45:52,paid,False,0879108623134,GL-1122,CC-118,Invoice for PO PO-28353da0d5,2023-01-20 23:45:52
INV-0edd910c,PO-28353da0d5,5916.44,2023-01-14T23:45:52,2023-03-15T23:45:52,2023-03-08T23:45:52,paid,False,9000205168698,GL-1187,CC-118,Invoice for PO PO-28353da0d5,2023-01-16 23:45:52
INV-3693f6e0,PO-28353da0d5,5846.22,2023-01-12T23:45:52,2023-03-13T23:45:52,2023-02-26T23:45:52,paid,False,3097979447780,GL-1198,CC-118,Invoice for PO PO-28353da0d5,2023-01-18 23:45:52
INV-d2b2a66a,PO-2916f2e818,1740.46,2023-11-20T00:02:55,2024-02-18T00:02:55,2024-02-14T00:02:55,paid,False,7153245597460,GL-1193,CC-165,Invoice for PO PO-2916f2e818,2023-11-30 00:02:55
INV-f632865c,PO-2bc7c5c234,54436.92,2024-02-16T23:44:32,2024-04-16T23:44:32,2024-04-09T23:44:32,paid,False,5487756697572,GL-1122,CC-152,Invoice for PO PO-2bc7c5c234,2024-02-18 23:44:32
INV-10192247,PO-2de0d330bf,47139.39,2024-11-11T23:53:05,2025-02-09T23:53:05,2025-02-05T23:53:05,paid,False,1090667061345,GL-1148,CC-110,Invoice for PO PO-2de0d330bf,2024-11-18 23:53:05
INV-225a32af,PO-2de0d330bf,46234.43,2024-11-11T23:53:05,2025-02-09T23:53:05,2025-01-29T23:53:05,paid,False,6741642377849,GL-1037,CC-110,Invoice for PO PO-2de0d330bf,2024-11-17 23:53:05
INV-1f1a17fe,PO-2de0d330bf,56626.18,2024-11-12T23:53:05,2025-02-10T23:53:05,2025-02-08T23:53:05,paid,False,6440179463499,GL-1008,CC-110,Invoice for PO PO-2de0d330bf,2024-11-13 23:53:05
INV-b2e3efc5,PO-33c10a3f33,47019.62,2023-07-03T23:49:17,2023-10-01T23:49:17,2023-09-26T23:49:17,paid,False,2206764569434,GL-1015,CC-177,Invoice for PO PO-33c10a3f33,2023-07-09 23:49:17
INV-47055c9f,PO-33c10a3f33,50618.98,2023-06-29T23:49:17,2023-09-27T23:49:17,2023-09-18T23:49:17,paid,False,2132127728685,GL-1173,CC-177,Invoice for PO PO-33c10a3f33,2023-07-06 23:49:17
INV-02290d1b,PO-33c10a3f33,40462.54,2023-07-02T23:49:17,2023-09-30T23:49:17,2023-09-27T23:49:17,paid,False,4104547922200,GL-1009,CC-177,Invoice for PO PO-33c10a3f33,2023-07-09 23:49:17
INV-fa4f8719,PO-33cdaaa539,150000.0,2025-10-24T00:05:59,2025-12-23T00:05:59,2025-12-11T00:05:59,paid,False,6390433992862,GL-1106,CC-133,Invoice for PO PO-33cdaaa539,2025-11-01 00:05:59
INV-7af6a553,PO-34cc853564,1592.86,2025-11-01T23:50:02,2025-12-31T23:50:02,2025-12-18T23:50:02,paid,False,9932540563817,GL-1008,CC-125,Invoice for PO PO-34cc853564,2025-11-02 23:50:02
INV-6014b474,PO-34cc853564,1483.1,2025-10-30T23:50:02,2025-12-29T23:50:02,2025-12-18T23:50:02,paid,False,2816305316351,GL-1002,CC-125,Invoice for PO PO-34cc853564,2025-11-01 23:50:02
INV-c00450d6,PO-34cc853564,1866.81,2025-11-01T23:50:02,2025-12-31T23:50:02,2026-01-07T23:50:02,paid,True,2475009736317,GL-1151,CC-125,Invoice for PO PO-34cc853564,2025-11-10 23:50:02
INV-03fdbe13,PO-3596b599f1,12116.24,2025-12-07T00:12:36,2026-03-07T00:12:36,2026-03-04T00:12:36,paid,False,2032628857054,GL-1070,CC-173,Invoice for PO PO-3596b599f1,2025-12-10 00:12:36
INV-fd743167,PO-3596b599f1,11006.5,2025-12-10T00:12:36,2026-03-10T00:12:36,2026-03-03T00:12:36,paid,False,9273062766547,GL-1190,CC-173,Invoice for PO PO-3596b599f1,2025-12-19 00:12:36
INV-3df6182c,PO-3776547496,9588.01,2025-01-30T23:58:43,2025-04-30T23:58:43,2025-04-16T23:58:43,paid,False,8419803504639,GL-1059,CC-135,Invoice for PO PO-3776547496,2025-02-03 23:58:43
INV-396aa193,PO-395fc3777d,4071.0,2025-04-05T23:50:40,2025-07-04T23:50:40,2025-06-24T23:50:40,paid,False,9205431352068,GL-1075,CC-170,Invoice for PO PO-395fc3777d,2025-04-09 23:50:40
INV-9cd22798,PO-395fc3777d,4381.4,2025-04-09T23:50:40,2025-07-08T23:50:40,2025-07-22T23:50:40,paid,True,0634015294941,GL-1025,CC-170,Invoice for PO PO-395fc3777d,2025-04-12 23:50:40
INV-70e76fe1,PO-396ab98458,1720.64,2023-06-05T00:02:44,2023-08-04T00:02:44,2023-07-24T00:02:44,paid,False,9931706746811,GL-1087,CC-150,Invoice for PO PO-396ab98458,2023-06-11 00:02:44
INV-897eb4e2,PO-396ab98458,2076.18,2023-06-05T00:02:44,2023-08-04T00:02:44,,overdue,False,8255422297176,GL-1144,CC-150,Invoice for PO PO-396ab98458,2023-06-09 00:02:44
INV-a132ed09,PO-396ab98458,1907.79,2023-06-03T00:02:44,2023-08-02T00:02:44,2023-08-18T00:02:44,paid,True,1447310715368,GL-1074,CC-150,Invoice for PO PO-396ab98458,2023-06-10 00:02:44
INV-8f64eea7,PO-3bcec2e792,5405.2,2025-03-13T23:54:09,2025-06-11T23:54:09,2025-06-08T23:54:09,paid,False,8327493649786,GL-1017,CC-150,Invoice for PO PO-3bcec2e792,2025-03-20 23:54:09
INV-a2f6f2d8,PO-3bcec2e792,5140.71,2025-03-12T23:54:09,2025-06-10T23:54:09,2025-06-06T23:54:09,paid,False,0532387843111,GL-1087,CC-150,Invoice for PO PO-3bcec2e792,2025-03-16 23:54:09
INV-83d33573,PO-3bcec2e792,4522.84,2025-03-13T23:54:09,2025-06-11T23:54:09,2025-06-08T23:54:09,paid,False,6498625578037,GL-1173,CC-150,Invoice for PO PO-3bcec2e792,2025-03-17 23:54:09
INV-b43526b1,PO-3ca5888683,49522.72,2024-01-01T23:55:26,2024-01-31T23:55:26,2024-01-26T23:55:26,paid,False,5262577146870,GL-1084,CC-105,Invoice for PO PO-3ca5888683,2024-01-10 23:55:26
INV-7c673768,PO-3ca5888683,47944.03,2023-12-29T23:55:26,2024-01-28T23:55:26,2024-01-18T23:55:26,paid,False,7924388600610,GL-1032,CC-105,Invoice for PO PO-3ca5888683,2024-01-06 23:55:26
INV-1c5561d9,PO-3ca5888683,40058.74,2023-12-29T23:55:26,2024-01-28T23:55:26,2024-01-22T23:55:26,paid,False,8419672323805,GL-1131,CC-105,Invoice for PO PO-3ca5888683,2024-01-02 23:55:26
INV-5167b15a,PO-3cd7817ee9,5614.77,2024-03-03T00:10:03,2024-04-02T00:10:03,,overdue,False,8134138614906,GL-1156,CC-103,Invoice for PO PO-3cd7817ee9,2024-03-06 00:10:03
INV-6e9a95d7,PO-3cd7817ee9,4801.2,2024-03-04T00:10:03,2024-04-03T00:10:03,2024-03-26T00:10:03,paid,False,4298862921854,GL-1011,CC-103,Invoice for PO PO-3cd7817ee9,2024-03-10 00:10:03
INV-41b5f362,PO-3e426069f2,22372.38,2025-12-02T23:55:01,2026-01-01T23:55:01,2025-12-30T23:55:01,paid,False,0937234558178,GL-1029,CC-150,Invoice for PO PO-3e426069f2,2025-12-06 23:55:01
INV-a48aeb2e,PO-3e426069f2,21954.13,2025-12-01T23:55:01,2025-12-31T23:55:01,2025-12-29T23:55:01,paid,False,8088141642633,GL-1133,CC-150,Invoice for PO PO-3e426069f2,2025-12-09 23:55:01
INV-e670529e,PO-3e426069f2,18037.66,2025-11-29T23:55:01,2025-12-29T23:55:01,2025-12-27T23:55:01,paid,False,1660099436426,GL-1063,CC-150,Invoice for PO PO-3e426069f2,2025-12-04 23:55:01
INV-1c5c2d82,PO-3f103632f2,72469.4,2024-08-06T00:05:04,2024-09-05T00:05:04,2024-09-04T00:05:04,paid,False,0033894986273,GL-1173,CC-128,Invoice for PO PO-3f103632f2,2024-08-09 00:05:04
INV-3d559d35,PO-3fe9543064,150000.0,2024-12-31T23:53:40,2025-03-31T23:53:40,2025-03-18T23:53:40,paid,False,5322347788300,GL-1010,CC-142,Invoice for PO PO-3fe9543064,2025-01-08 23:53:40
INV-b2d87101,PO-451f9f679b,9271.04,2025-05-21T23:49:37,2025-06-20T23:49:37,2025-06-09T23:49:37,paid,False,7809101456876,GL-1174,CC-164,Invoice for PO PO-451f9f679b,2025-05-24 23:49:37
INV-aceb9de4,PO-45a7699c1a,72621.58,2024-08-19T00:00:12,2024-09-18T00:00:12,2024-09-03T00:00:12,paid,False,9780008119010,GL-1001,CC-117,Invoice for PO PO-45a7699c1a,2024-08-25 00:00:12
INV-0b2c3df9,PO-45a7699c1a,77378.42,2024-08-18T00:00:12,2024-09-17T00:00:12,2024-09-04T00:00:12,paid,False,1631743106002,GL-1048,CC-117,Invoice for PO PO-45a7699c1a,2024-08-26 00:00:12
INV-e15c3fe8,PO-4830832561,1709.08,2023-12-11T23:53:40,2024-01-10T23:53:40,2023-12-29T23:53:40,paid,False,2631599633614,GL-1190,CC-180,Invoice for PO PO-4830832561,2023-12-15 23:53:40
INV-14615b09,PO-485e66966c,6707.06,2023-10-27T00:13:12,2023-12-26T00:13:12,2024-01-14T00:13:12,paid,True,7036050865279,GL-1101,CC-144,Invoice for PO PO-485e66966c,2023-10-28 00:13:12
INV-1f4a0904,PO-485e66966c,6541.98,2023-10-27T00:13:12,2023-12-26T00:13:12,2023-12-23T00:13:12,paid,False,4981881030224,GL-1121,CC-144,Invoice for PO PO-485e66966c,2023-11-01 00:13:12
INV-5f685163,PO-485e66966c,6577.06,2023-10-31T00:13:12,2023-12-30T00:13:12,2023-12-24T00:13:12,paid,False,7478104348718,GL-1084,CC-144,Invoice for PO PO-485e66966c,2023-11-04 00:13:12
INV-4c0d735b,PO-4960c3c0d1,25126.55,2024-04-16T23:44:05,2024-06-15T23:44:05,2024-06-08T23:44:05,paid,False,0541553454228,GL-1096,CC-119,Invoice for PO PO-4960c3c0d1,2024-04-24 23:44:05
INV-e9cad8e0,PO-4960c3c0d1,21173.36,2024-04-13T23:44:05,2024-06-12T23:44:05,2024-06-09T23:44:05,paid,False,4187300740037,GL-1144,CC-119,Invoice for PO PO-4960c3c0d1,2024-04-15 23:44:05
INV-9ef101e0,PO-49fb95f999,53655.84,2024-05-01T00:10:24,2024-05-31T00:10:24,2024-05-28T00:10:24,paid,False,5183380580937,GL-1133,CC-158,Invoice for PO PO-49fb95f999,2024-05-02 00:10:24
INV-b3faa532,PO-49fb95f999,48469.64,2024-04-30T00:10:24,2024-05-30T00:10:24,,overdue,False,2119213724387,GL-1195,CC-158,Invoice for PO PO-49fb95f999,2024-05-04 00:10:24
INV-2b916bbc,PO-49fb95f999,47874.52,2024-04-30T00:10:24,2024-05-30T00:10:24,2024-06-20T00:10:24,paid,True,1208321115383,GL-1078,CC-158,Invoice for PO PO-49fb95f999,2024-05-05 00:10:24
INV-49aeda5f,PO-4fa596be02,44403.82,2023-10-03T00:10:23,2023-11-02T00:10:23,2023-10-24T00:10:23,paid,False,3852589634575,GL-1149,CC-107,Invoice for PO PO-4fa596be02,2023-10-08 00:10:23
INV-8f4de906,PO-5057ad6052,2104.98,2024-05-05T23:46:36,2024-06-04T23:46:36,2024-06-01T23:46:36,paid,False,7155583547947,GL-1139,CC-112,Invoice for PO PO-5057ad6052,2024-05-10 23:46:36
INV-a861fe48,PO-5057ad6052,2206.1,2024-05-04T23:46:36,2024-06-03T23:46:36,2024-07-03T23:46:36,paid,True,5766938690274,GL-1189,CC-112,Invoice for PO PO-5057ad6052,2024-05-13 23:46:36
INV-03338ef1,PO-50bdb06ff5,23360.2,2025-10-07T23:56:52,2026-01-05T23:56:52,,pending,False,4382527635535,GL-1022,CC-128,Invoice for PO PO-50bdb06ff5,2025-10-09 23:56:52
INV-49815faa,PO-50bdb06ff5,21771.82,2025-10-06T23:56:52,2026-01-04T23:56:52,2025-12-20T23:56:52,paid,False,7845832125919,GL-1002,CC-128,Invoice for PO PO-50bdb06ff5,2025-10-10 23:56:52
INV-89a56ed8,PO-50bdb06ff5,21048.6,2025-10-07T23:56:52,2026-01-05T23:56:52,2026-01-01T23:56:52,paid,False,5470229998108,GL-1086,CC-128,Invoice for PO PO-50bdb06ff5,2025-10-15 23:56:52
INV-901c72b8,PO-50cc59f60d,46495.23,2023-07-02T23:46:22,2023-08-01T23:46:22,2023-07-22T23:46:22,paid,False,0615929926586,GL-1019,CC-167,Invoice for PO PO-50cc59f60d,2023-07-10 23:46:22
INV-d1725242,PO-50cc59f60d,50087.46,2023-07-04T23:46:22,2023-08-03T23:46:22,2023-07-21T23:46:22,paid,False,7328198181879,GL-1049,CC-167,Invoice for PO PO-50cc59f60d,2023-07-14 23:46:22
INV-979cf9f9,PO-50cc59f60d,53417.31,2023-07-02T23:46:22,2023-08-01T23:46:22,2023-07-18T23:46:22,paid,False,5554829225359,GL-1092,CC-167,Invoice for PO PO-50cc59f60d,2023-07-08 23:46:22
INV-352f69df,PO-511fc9d2b3,7655.68,2024-11-01T23:57:07,2024-12-01T23:57:07,2024-11-22T23:57:07,paid,False,7687773521746,GL-1062,CC-163,Invoice for PO PO-511fc9d2b3,2024-11-04 23:57:07
INV-8e5b3030,PO-511fc9d2b3,6665.33,2024-11-04T23:57:07,2024-12-04T23:57:07,2024-11-28T23:57:07,paid,False,0800361686932,GL-1019,CC-163,Invoice for PO PO-511fc9d2b3,2024-11-14 23:57:07
INV-f4d87079,PO-520e1bd4ae,20801.52,2023-03-31T00:04:48,2023-04-30T00:04:48,2023-04-22T00:04:48,paid,False,9551808705488,GL-1123,CC-144,Invoice for PO PO-520e1bd4ae,2023-04-10 00:04:48
INV-839a503e,PO-520e1bd4ae,21005.62,2023-03-28T00:04:48,2023-04-27T00:04:48,2023-04-19T00:04:48,paid,False,8649345225345,GL-1023,CC-144,Invoice for PO PO-520e1bd4ae,2023-03-31 00:04:48
INV-d868d2bf,PO-5409e6f3a6,150000.0,2025-09-18T00:14:29,2025-12-17T00:14:29,2025-12-07T00:14:29,paid,False,2897898569744,GL-1174,CC-146,Invoice for PO PO-5409e6f3a6,2025-09-27 00:14:29
INV-486a45b7,PO-555eab6941,75528.51,2023-12-23T23:58:52,2024-03-22T23:58:52,2024-03-20T23:58:52,paid,False,5554860624005,GL-1063,CC-152,Invoice for PO PO-555eab6941,2023-12-26 23:58:52
INV-c1986833,PO-555eab6941,74471.49,2023-12-25T23:58:52,2024-03-24T23:58:52,2024-04-12T23:58:52,paid,True,9077613729292,GL-1085,CC-152,Invoice for PO PO-555eab6941,2024-01-03 23:58:52
INV-497decc3,PO-568fd8ca87,651.08,2023-11-16T23:56:06,2023-12-16T23:56:06,2023-12-01T23:56:06,paid,False,6705297512710,GL-1063,CC-161,Invoice for PO PO-568fd8ca87,2023-11-18 23:56:06
INV-bb9a2182,PO-568fd8ca87,538.51,2023-11-16T23:56:06,2023-12-16T23:56:06,2023-12-27T23:56:06,paid,True,8056700919670,GL-1132,CC-161,Invoice for PO PO-568fd8ca87,2023-11-26 23:56:06
INV-807f8e8a,PO-568fd8ca87,588.32,2023-11-20T23:56:06,2023-12-20T23:56:06,2023-12-19T23:56:06,paid,False,6981638531194,GL-1139,CC-161,Invoice for PO PO-568fd8ca87,2023-11-26 23:56:06
INV-59826030,PO-579c138c14,150000.0,2024-04-01T00:13:12,2024-05-31T00:13:12,2024-05-19T00:13:12,paid,False,7780453744043,GL-1035,CC-162,Invoice for PO PO-579c138c14,2024-04-10 00:13:12
INV-0873def2,PO-57d145bcaa,52112.51,2025-05-28T00:04:13,2025-08-26T00:04:13,2025-08-15T00:04:13,paid,False,9494184947595,GL-1112,CC-177,Invoice for PO PO-57d145bcaa,2025-06-05 00:04:13
INV-f9b3e735,PO-57d145bcaa,46580.73,2025-05-26T00:04:13,2025-08-24T00:04:13,,overdue,False,9480523328620,GL-1135,CC-177,Invoice for PO PO-57d145bcaa,2025-05-30 00:04:13
INV-14fd6751,PO-57d145bcaa,51306.76,2025-05-26T00:04:13,2025-08-24T00:04:13,2025-08-21T00:04:13,paid,False,3078017797425,GL-1136,CC-177,Invoice for PO PO-57d145bcaa,2025-05-27 00:04:13
INV-1fc22926,PO-5d8b81e303,54240.14,2023-08-22T23:51:34,2023-09-21T23:51:34,2023-10-01T23:51:34,paid,True,2492895018792,GL-1192,CC-128,Invoice for PO PO-5d8b81e303,2023-08-29 23:51:34
INV-954d80b7,PO-5d8b81e303,46085.84,2023-08-21T23:51:34,2023-09-20T23:51:34,2023-09-08T23:51:34,paid,False,8865196508332,GL-1008,CC-128,Invoice for PO PO-5d8b81e303,2023-08-26 23:51:34
INV-4a2036af,PO-5d8b81e303,49674.02,2023-08-20T23:51:34,2023-09-19T23:51:34,,overdue,False,6219248484693,GL-1120,CC-128,Invoice for PO PO-5d8b81e303,2023-08-23 23:51:34
INV-effa15a9,PO-60a7c9eb7b,8607.13,2024-01-12T00:09:42,2024-02-11T00:09:42,2024-03-06T00:09:42,paid,True,9036789964661,GL-1101,CC-116,Invoice for PO PO-60a7c9eb7b,2024-01-13 00:09:42
INV-a4ca5b85,PO-60a7c9eb7b,8561.71,2024-01-13T00:09:42,2024-02-12T00:09:42,2024-02-10T00:09:42,paid,False,4201100266129,GL-1197,CC-116,Invoice for PO PO-60a7c9eb7b,2024-01-21 00:09:42
INV-07dcaf2d,PO-60a7c9eb7b,9761.19,2024-01-12T00:09:42,2024-02-11T00:09:42,2024-02-10T00:09:42,paid,False,7450780646517,GL-1139,CC-116,Invoice for PO PO-60a7c9eb7b,2024-01-14 00:09:42
INV-148456ac,PO-63cb87a627,10900.47,2024-03-04T00:08:40,2024-06-02T00:08:40,2024-05-30T00:08:40,paid,False,0279860681616,GL-1038,CC-127,Invoice for PO PO-63cb87a627,2024-03-10 00:08:40
INV-df2a3a23,PO-657ab2bc7f,47076.98,2024-08-26T00:11:42,2024-10-25T00:11:42,2024-11-13T00:11:42,paid,True,2140848666506,GL-1195,CC-113,Invoice for PO PO-657ab2bc7f,2024-09-03 00:11:42
INV-eb4efaff,PO-657ab2bc7f,52555.65,2024-08-28T00:11:42,2024-10-27T00:11:42,2024-10-25T00:11:42,paid,False,2156184587375,GL-1103,CC-113,Invoice for PO PO-657ab2bc7f,2024-09-02 00:11:42
INV-f67d56a8,PO-657ab2bc7f,50367.37,2024-08-28T00:11:42,2024-10-27T00:11:42,2024-10-18T00:11:42,paid,False,5526019838601,GL-1060,CC-113,Invoice for PO PO-657ab2bc7f,2024-09-05 00:11:42
INV-1bf19bb5,PO-6a94eb4092,3030.16,2024-04-14T00:14:11,2024-05-14T00:14:11,2024-05-10T00:14:11,paid,False,6762595210380,GL-1094,CC-136,Invoice for PO PO-6a94eb4092,2024-04-17 00:14:11
INV-30e33a06,PO-6a94eb4092,3407.63,2024-04-13T00:14:11,2024-05-13T00:14:11,2024-05-08T00:14:11,paid,False,9275768121637,GL-1167,CC-136,Invoice for PO PO-6a94eb4092,2024-04-22 00:14:11
INV-3c0e1f45,PO-6a94eb4092,3509.21,2024-04-17T00:14:11,2024-05-17T00:14:11,2024-05-11T00:14:11,paid,False,3362430188329,GL-1020,CC-136,Invoice for PO PO-6a94eb4092,2024-04-21 00:14:11
INV-59bce621,PO-6cd2ff691e,1586.81,2024-08-03T00:06:39,2024-09-02T00:06:39,2024-08-31T00:06:39,paid,False,7121284106271,GL-1104,CC-168,Invoice for PO PO-6cd2ff691e,2024-08-04 00:06:39
INV-58da7e51,PO-6e2e9358d9,6702.49,2024-03-06T23:47:31,2024-04-05T23:47:31,2024-04-04T23:47:31,paid,False,9893957452852,GL-1080,CC-140,Invoice for PO PO-6e2e9358d9,2024-03-15 23:47:31
INV-fe8afece,PO-6e2e9358d9,6216.29,2024-03-08T23:47:31,2024-04-07T23:47:31,2024-04-05T23:47:31,paid,False,4611118379788,GL-1146,CC-140,Invoice for PO PO-6e2e9358d9,2024-03-13 23:47:31
INV-f02f8f87,PO-6e2e9358d9,5598.02,2024-03-10T23:47:31,2024-04-09T23:47:31,2024-05-05T23:47:31,paid,True,6240808294285,GL-1068,CC-140,Invoice for PO PO-6e2e9358d9,2024-03-16 23:47:31
INV-76632119,PO-6f62f5e9f1,9684.54,2024-10-13T23:50:47,2024-12-12T23:50:47,2024-12-11T23:50:47,paid,False,5327735334534,GL-1086,CC-176,Invoice for PO PO-6f62f5e9f1,2024-10-17 23:50:47
INV-b0123a91,PO-6f62f5e9f1,9245.31,2024-10-15T23:50:47,2024-12-14T23:50:47,2024-12-03T23:50:47,paid,False,9187527135567,GL-1038,CC-176,Invoice for PO PO-6f62f5e9f1,2024-10-22 23:50:47
INV-5fa2f529,PO-6f62f5e9f1,9029.46,2024-10-13T23:50:47,2024-12-12T23:50:47,,overdue,False,7621710559089,GL-1088,CC-176,Invoice for PO PO-6f62f5e9f1,2024-10-19 23:50:47
INV-60976d07,PO-727322e42d,141829.03,2025-01-01T23:59:08,2025-04-01T23:59:08,2025-03-21T23:59:08,paid,False,6255494973710,GL-1000,CC-164,Invoice for PO PO-727322e42d,2025-01-07 23:59:08
INV-0d850eb2,PO-728749c9ee,105017.15,2023-08-16T23:59:20,2023-09-15T23:59:20,2023-09-02T23:59:20,paid,False,4340355782449,GL-1005,CC-116,Invoice for PO PO-728749c9ee,2023-08-19 23:59:20
INV-6ea554f3,PO-734355f00d,17442.02,2024-04-01T23:47:05,2024-05-31T23:47:05,2024-06-19T23:47:05,paid,True,6610040226601,GL-1134,CC-100,Invoice for PO PO-734355f00d,2024-04-10 23:47:05
INV-ab8b9b59,PO-734355f00d,19921.3,2024-04-02T23:47:05,2024-06-01T23:47:05,2024-05-21T23:47:05,paid,False,4828625723816,GL-1076,CC-100,Invoice for PO PO-734355f00d,2024-04-05 23:47:05
INV-ab3c910a,PO-75e9ca34ad,77490.5,2024-09-10T23:59:33,2024-11-09T23:59:33,2024-11-04T23:59:33,paid,False,2402768500583,GL-1073,CC-162,Invoice for PO PO-75e9ca34ad,2024-09-12 23:59:33
INV-b0d9d764,PO-75e9ca34ad,72509.5,2024-09-13T23:59:33,2024-11-12T23:59:33,2024-11-08T23:59:33,paid,False,9549350427118,GL-1022,CC-162,Invoice for PO PO-75e9ca34ad,2024-09-16 23:59:33
INV-891517ad,PO-76a7395760,65217.19,2024-06-04T00:04:29,2024-07-04T00:04:29,2024-07-01T00:04:29,paid,False,7162676451012,GL-1125,CC-180,Invoice for PO PO-76a7395760,2024-06-14 00:04:29
INV-c6eeaa2e,PO-76a7395760,71045.52,2024-06-02T00:04:29,2024-07-02T00:04:29,2024-06-19T00:04:29,paid,False,5931275475437,GL-1007,CC-180,Invoice for PO PO-76a7395760,2024-06-09 00:04:29
INV-3673ae36,PO-78b5bf2116,140976.3,2025-09-03T00:00:59,2025-12-02T00:00:59,2025-11-18T00:00:59,paid,False,8822011005643,GL-1022,CC-166,Invoice for PO PO-78b5bf2116,2025-09-12 00:00:59
INV-2e19fc7c,PO-7cfca13b13,150000.0,2024-10-26T00:02:11,2025-01-24T00:02:11,2025-01-17T00:02:11,paid,False,2732627243475,GL-1006,CC-133,Invoice for PO PO-7cfca13b13,2024-11-03 00:02:11
INV-df013f92,PO-7d350016bc,290.41,2023-05-11T00:00:01,2023-07-10T00:00:01,2023-06-30T00:00:01,paid,False,6996576063935,GL-1195,CC-103,Invoice for PO PO-7d350016bc,2023-05-17 00:00:01
INV-8fb58a20,PO-7d350016bc,347.71,2023-05-08T00:00:01,2023-07-07T00:00:01,2023-07-04T00:00:01,paid,False,5661257789596,GL-1184,CC-103,Invoice for PO PO-7d350016bc,2023-05-13 00:00:01
INV-61c331f7,PO-7ee390db8c,45301.88,2024-12-25T00:14:21,2025-03-25T00:14:21,2025-03-16T00:14:21,paid,False,0597573196372,GL-1030,CC-110,Invoice for PO PO-7ee390db8c,2024-12-27 00:14:21
INV-20de0670,PO-7ee390db8c,53482.25,2024-12-25T00:14:21,2025-03-25T00:14:21,2025-03-10T00:14:21,paid,False,0292249814917,GL-1191,CC-110,Invoice for PO PO-7ee390db8c,2025-01-02 00:14:21
INV-4b319364,PO-7ee390db8c,51215.87,2024-12-21T00:14:21,2025-03-21T00:14:21,2025-03-07T00:14:21,paid,False,2792053493431,GL-1178,CC-110,Invoice for PO PO-7ee390db8c,2024-12-29 00:14:21
INV-e9b3d23e,PO-7fdf992064,2266.1,2025-12-27T00:15:21,2026-03-27T00:15:21,2026-03-15T00:15:21,paid,False,6483302448833,GL-1013,CC-133,Invoice for PO PO-7fdf992064,2026-01-06 00:15:21
INV-dc2899c4,PO-801ac29c7b,62437.17,2024-12-29T00:02:15,2025-01-28T00:02:15,2025-01-27T00:02:15,paid,False,3888677308998,GL-1107,CC-175,Invoice for PO PO-801ac29c7b,2025-01-03 00:02:15
INV-6ed65342,PO-801ac29c7b,62042.25,2024-12-30T00:02:15,2025-01-29T00:02:15,2025-01-20T00:02:15,paid,False,1568088379016,GL-1108,CC-175,Invoice for PO PO-801ac29c7b,2025-01-09 00:02:15
INV-d8744fa5,PO-80997e409c,49152.13,2023-12-10T23:52:50,2024-02-08T23:52:50,,overdue,False,4119907729009,GL-1078,CC-148,Invoice for PO PO-80997e409c,2023-12-19 23:52:50
INV-8ed972b5,PO-80997e409c,47030.98,2023-12-08T23:52:50,2024-02-06T23:52:50,2024-02-03T23:52:50,paid,False,6404366399473,GL-1010,CC-148,Invoice for PO PO-80997e409c,2023-12-09 23:52:50
INV-297c777e,PO-80997e409c,53816.89,2023-12-08T23:52:50,2024-02-06T23:52:50,2024-01-27T23:52:50,paid,False,9626932895760,GL-1024,CC-148,Invoice for PO PO-80997e409c,2023-12-12 23:52:50
INV-8ff18e54,PO-81256ce86d,7697.84,2024-12-21T00:09:46,2025-02-19T00:09:46,2025-02-15T00:09:46,paid,False,2981151805561,GL-1098,CC-167,Invoice for PO PO-81256ce86d,2024-12-30 00:09:46
INV-d1ae37f0,PO-81256ce86d,8350.39,2024-12-22T00:09:46,2025-02-20T00:09:46,2025-02-08T00:09:46,paid,False,1959241313211,GL-1017,CC-167,Invoice for PO PO-81256ce86d,2024-12-26 00:09:46
INV-31c7269b,PO-82655c33d4,3247.93,2025-10-17T00:12:04,2026-01-15T00:12:04,2026-01-09T00:12:04,paid,False,5202142690490,GL-1047,CC-129,Invoice for PO PO-82655c33d4,2025-10-25 00:12:04
INV-dafd910e,PO-82655c33d4,3367.26,2025-10-14T00:12:04,2026-01-12T00:12:04,2026-01-09T00:12:04,paid,False,6663592286838,GL-1174,CC-129,Invoice for PO PO-82655c33d4,2025-10-19 00:12:04
INV-c6eebdf8,PO-8796df4af2,81032.38,2024-05-20T00:05:03,2024-08-18T00:05:03,2024-08-21T00:05:03,paid,True,1474256402335,GL-1093,CC-148,Invoice for PO PO-8796df4af2,2024-05-27 00:05:03
INV-268282c9,PO-8796df4af2,68967.62,2024-05-20T00:05:03,2024-08-18T00:05:03,,overdue,False,9271557417448,GL-1121,CC-148,Invoice for PO PO-8796df4af2,2024-05-29 00:05:03
INV-ba118b56,PO-8895ea3ef0,13697.89,2024-11-20T00:09:59,2025-02-18T00:09:59,2025-02-04T00:09:59,paid,False,2481053246832,GL-1041,CC-109,Invoice for PO PO-8895ea3ef0,2024-11-26 00:09:59
INV-56578264,PO-8c6058e45c,52367.31,2025-11-04T00:02:22,2025-12-04T00:02:22,2026-01-01T00:02:22,paid,True,7765592499955,GL-1094,CC-164,Invoice for PO PO-8c6058e45c,2025-11-06 00:02:22
INV-b3ee5992,PO-8fcd212442,142260.95,2023-09-25T00:02:09,2023-12-24T00:02:09,2023-12-19T00:02:09,paid,False,8292198490967,GL-1114,CC-114,Invoice for PO PO-8fcd212442,2023-10-02 00:02:09
INV-9f74725a,PO-8fe04af568,150000.0,2023-07-21T00:08:12,2023-08-20T00:08:12,2023-08-05T00:08:12,paid,False,3994126383376,GL-1078,CC-109,Invoice for PO PO-8fe04af568,2023-07-29 00:08:12
INV-24224645,PO-9217e8e47e,17352.73,2024-12-28T00:07:30,2025-02-26T00:07:30,2025-02-18T00:07:30,paid,False,1724589729914,GL-1192,CC-159,Invoice for PO PO-9217e8e47e,2025-01-02 00:07:30
INV-bca8af2b,PO-9217e8e47e,18660.72,2024-12-30T00:07:30,2025-02-28T00:07:30,2025-02-17T00:07:30,paid,False,6747327536945,GL-1016,CC-159,Invoice for PO PO-9217e8e47e,2025-01-04 00:07:30
INV-549cd701,PO-9217e8e47e,17344.23,2025-01-01T00:07:30,2025-03-02T00:07:30,2025-02-23T00:07:30,paid,False,3512255518287,GL-1133,CC-159,Invoice for PO PO-9217e8e47e,2025-01-02 00:07:30
INV-a0006a0c,PO-94506ec877,14946.46,2023-10-30T00:08:43,2023-12-29T00:08:43,2023-12-25T00:08:43,paid,False,6815246339661,GL-1115,CC-160,Invoice for PO PO-94506ec877,2023-11-01 00:08:43
INV-0e446ab4,PO-94506ec877,12542.0,2023-10-28T00:08:43,2023-12-27T00:08:43,2023-12-24T00:08:43,paid,False,2825030933344,GL-1139,CC-160,Invoice for PO PO-94506ec877,2023-11-04 00:08:43
INV-2fe8a998,PO-95026c981b,48668.7,2023-08-05T00:05:03,2023-10-04T00:05:03,2023-10-18T00:05:03,paid,True,9726604961417,GL-1185,CC-162,Invoice for PO PO-95026c981b,2023-08-10 00:05:03
INV-9c536b30,PO-95026c981b,45414.33,2023-08-07T00:05:03,2023-10-06T00:05:03,2023-10-31T00:05:03,paid,True,1743600224832,GL-1116,CC-162,Invoice for PO PO-95026c981b,2023-08-13 00:05:03
INV-a39e4178,PO-95026c981b,55916.97,2023-08-06T00:05:03,2023-10-05T00:05:03,2023-09-28T00:05:03,paid,False,2443902312037,GL-1176,CC-162,Invoice for PO PO-95026c981b,2023-08-12 00:05:03
INV-a47083ad,PO-9505cdc0c1,33168.01,2023-08-18T23:55:50,2023-09-17T23:55:50,2023-10-08T23:55:50,paid,True,4321614047356,GL-1014,CC-167,Invoice for PO PO-9505cdc0c1,2023-08-20 23:55:50
INV-527fbab4,PO-955324f5bc,15630.47,2025-12-28T00:13:19,2026-01-27T00:13:19,2026-01-23T00:13:19,paid,False,9906501190589,GL-1066,CC-168,Invoice for PO PO-955324f5bc,2025-12-30 00:13:19
INV-ae0f9c72,PO-955324f5bc,13452.6,2025-12-29T00:13:19,2026-01-28T00:13:19,2026-01-17T00:13:19,paid,False,0576507545615,GL-1011,CC-168,Invoice for PO PO-955324f5bc,2026-01-03 00:13:19
INV-22266a87,PO-96939ddd2f,3867.89,2024-07-23T00:14:29,2024-08-22T00:14:29,2024-08-08T00:14:29,paid,False,4922564432195,GL-1129,CC-148,Invoice for PO PO-96939ddd2f,2024-08-01 00:14:29
INV-947d38e1,PO-98285b9028,7463.9,2025-08-02T00:04:04,2025-10-01T00:04:04,2025-09-19T00:04:04,paid,False,2171969836431,GL-1182,CC-150,Invoice for PO PO-98285b9028,2025-08-03 00:04:04
INV-c49aec75,PO-98285b9028,8435.85,2025-08-03T00:04:04,2025-10-02T00:04:04,2025-10-31T00:04:04,paid,True,4647903567894,GL-1037,CC-150,Invoice for PO PO-98285b9028,2025-08-05 00:04:04
INV-4074827b,PO-9d518a3f42,1227.89,2023-03-27T00:11:29,2023-05-26T00:11:29,2023-05-23T00:11:29,paid,False,4352460795603,GL-1187,CC-172,Invoice for PO PO-9d518a3f42,2023-04-01 00:11:29
INV-3280027b,PO-9d518a3f42,1232.46,2023-03-27T00:11:29,2023-05-26T00:11:29,2023-05-11T00:11:29,paid,False,9950426022913,GL-1146,CC-172,Invoice for PO PO-9d518a3f42,2023-03-31 00:11:29
INV-feb477fd,PO-9d518a3f42,1518.99,2023-03-29T00:11:29,2023-05-28T00:11:29,2023-05-23T00:11:29,paid,False,9057540577838,GL-1102,CC-172,Invoice for PO PO-9d518a3f42,2023-04-08 00:11:29
INV-43fd8cbf,PO-9eeb44023e,7014.32,2024-04-20T00:00:39,2024-07-19T00:00:39,2024-07-07T00:00:39,paid,False,8423240415151,GL-1184,CC-150,Invoice for PO PO-9eeb44023e,2024-04-21 00:00:39
INV-268c07a8,PO-9eeb44023e,7200.69,2024-04-23T00:00:39,2024-07-22T00:00:39,2024-07-20T00:00:39,paid,False,9394405095954,GL-1013,CC-150,Invoice for PO PO-9eeb44023e,2024-05-01 00:00:39
INV-21e3ef89,PO-a048dd85af,45675.62,2023-12-19T00:06:58,2024-01-18T00:06:58,2024-01-17T00:06:58,paid,False,2446454369733,GL-1049,CC-132,Invoice for PO PO-a048dd85af,2023-12-25 00:06:58
INV-2986b85e,PO-a048dd85af,52684.98,2023-12-17T00:06:58,2024-01-16T00:06:58,2024-01-14T00:06:58,paid,False,8375672737656,GL-1080,CC-132,Invoice for PO PO-a048dd85af,2023-12-22 00:06:58
INV-274b7428,PO-a048dd85af,51639.4,2023-12-20T00:06:58,2024-01-19T00:06:58,2024-01-10T00:06:58,paid,False,2944778295658,GL-1105,CC-132,Invoice for PO PO-a048dd85af,2023-12-26 00:06:58
INV-2a5d65e8,PO-a2715a7453,34192.92,2023-09-13T23:49:22,2023-10-13T23:49:22,2023-10-07T23:49:22,paid,False,0836278646219,GL-1001,CC-106,Invoice for PO PO-a2715a7453,2023-09-20 23:49:22
INV-e75377fa,PO-a2715a7453,30543.28,2023-09-13T23:49:22,2023-10-13T23:49:22,2023-10-01T23:49:22,paid,False,5498626733832,GL-1015,CC-106,Invoice for PO PO-a2715a7453,2023-09-22 23:49:22
INV-3c926d96,PO-a3e7c2c205,9643.81,2024-10-26T23:56:26,2024-12-25T23:56:26,2024-12-17T23:56:26,paid,False,6376025746570,GL-1127,CC-103,Invoice for PO PO-a3e7c2c205,2024-10-31 23:56:26
INV-85cf08d0,PO-a3e7c2c205,9355.06,2024-10-30T23:56:26,2024-12-29T23:56:26,2024-12-18T23:56:26,paid,False,7143637948154,GL-1112,CC-103,Invoice for PO PO-a3e7c2c205,2024-11-05 23:56:26
INV-72a85077,PO-a5bdb5e51a,2626.65,2025-04-19T23:59:02,2025-05-19T23:59:02,,overdue,False,8195088207075,GL-1038,CC-102,Invoice for PO PO-a5bdb5e51a,2025-04-23 23:59:02
INV-5d8ebb08,PO-a5bdb5e51a,2585.22,2025-04-19T23:59:02,2025-05-19T23:59:02,2025-05-13T23:59:02,paid,False,6444640132693,GL-1056,CC-102,Invoice for PO PO-a5bdb5e51a,2025-04-26 23:59:02
INV-ff0033ec,PO-a8d65a1816,7442.61,2024-12-17T00:11:30,2025-03-17T00:11:30,2025-03-25T00:11:30,paid,True,3302062342232,GL-1195,CC-149,Invoice for PO PO-a8d65a1816,2024-12-20 00:11:30
INV-704aefe3,PO-a8d65a1816,6545.06,2024-12-16T00:11:30,2025-03-16T00:11:30,2025-03-01T00:11:30,paid,False,1916802680700,GL-1194,CC-149,Invoice for PO PO-a8d65a1816,2024-12-22 00:11:30
INV-39ef833b,PO-aa604c7af9,3085.76,2024-07-27T00:10:40,2024-08-26T00:10:40,2024-08-24T00:10:40,paid,False,5428089861414,GL-1063,CC-144,Invoice for PO PO-aa604c7af9,2024-07-29 00:10:40
INV-0484c3a4,PO-aa604c7af9,3066.97,2024-07-25T00:10:40,2024-08-24T00:10:40,2024-08-09T00:10:40,paid,False,8463597255529,GL-1158,CC-144,Invoice for PO PO-aa604c7af9,2024-08-02 00:10:40
INV-c41226a3,PO-ab8724bbd0,81811.91,2023-07-21T00:09:53,2023-08-20T00:09:53,2023-08-13T00:09:53,paid,False,3043092618781,GL-1128,CC-125,Invoice for PO PO-ab8724bbd0,2023-07-23 00:09:53
INV-f6407ded,PO-ab8724bbd0,68188.09,2023-07-21T00:09:53,2023-08-20T00:09:53,2023-08-18T00:09:53,paid,False,4889417301636,GL-1080,CC-125,Invoice for PO PO-ab8724bbd0,2023-07-25 00:09:53
INV-4b36139e,PO-ac42ab6b73,7569.64,2023-06-24T23:47:47,2023-09-22T23:47:47,2023-10-21T23:47:47,paid,True,7885554175533,GL-1181,CC-106,Invoice for PO PO-ac42ab6b73,2023-07-04 23:47:47
INV-9dd98867,PO-ac42ab6b73,7958.38,2023-06-21T23:47:47,2023-09-19T23:47:47,2023-09-04T23:47:47,paid,False,0143633230441,GL-1029,CC-106,Invoice for PO PO-ac42ab6b73,2023-06-30 23:47:47
INV-2bab5c12,PO-ac42ab6b73,7865.42,2023-06-22T23:47:47,2023-09-20T23:47:47,2023-09-10T23:47:47,paid,False,0889914515400,GL-1096,CC-106,Invoice for PO PO-ac42ab6b73,2023-06-26 23:47:47
INV-9baf8792,PO-acc27a6a55,3469.28,2025-01-22T23:59:36,2025-04-22T23:59:36,2025-04-17T23:59:36,paid,False,8091935651650,GL-1171,CC-141,Invoice for PO PO-acc27a6a55,2025-01-28 23:59:36
INV-43877143,PO-acc27a6a55,2957.83,2025-01-18T23:59:36,2025-04-18T23:59:36,2025-04-11T23:59:36,paid,False,9424825061953,GL-1140,CC-141,Invoice for PO PO-acc27a6a55,2025-01-28 23:59:36
INV-9cfd7087,PO-ad91cf5624,5328.55,2025-07-05T00:02:49,2025-10-03T00:02:49,2025-09-30T00:02:49,paid,False,9722718847289,GL-1156,CC-130,Invoice for PO PO-ad91cf5624,2025-07-06 00:02:49
INV-1e8a3d7f,PO-ad91cf5624,5072.87,2025-07-05T00:02:49,2025-10-03T00:02:49,2025-09-24T00:02:49,paid,False,7811588142661,GL-1109,CC-130,Invoice for PO PO-ad91cf5624,2025-07-14 00:02:49
INV-2ee8c3fa,PO-ad91cf5624,4381.21,2025-07-05T00:02:49,2025-10-03T00:02:49,2025-10-02T00:02:49,paid,False,5782767373270,GL-1191,CC-130,Invoice for PO PO-ad91cf5624,2025-07-06 00:02:49
INV-7bd9b1a9,PO-ad9f33350a,28986.51,2024-07-02T00:09:08,2024-08-01T00:09:08,2024-07-26T00:09:08,paid,False,3889108244755,GL-1040,CC-122,Invoice for PO PO-ad9f33350a,2024-07-11 00:09:08
INV-db139b5e,PO-afc37e5d07,446.26,2023-11-04T00:04:02,2024-02-02T00:04:02,2024-01-19T00:04:02,paid,False,1202648609662,GL-1004,CC-165,Invoice for PO PO-afc37e5d07,2023-11-05 00:04:02
INV-52eec2df,PO-afc37e5d07,395.49,2023-11-05T00:04:02,2024-02-03T00:04:02,2024-02-24T00:04:02,paid,True,5775634276521,GL-1160,CC-165,Invoice for PO PO-afc37e5d07,2023-11-10 00:04:02
INV-aefce63e,PO-afc37e5d07,383.82,2023-11-03T00:04:02,2024-02-01T00:04:02,2024-01-18T00:04:02,paid,False,7807224187332,GL-1132,CC-165,Invoice for PO PO-afc37e5d07,2023-11-10 00:04:02
INV-dd102b61,PO-b0b2261b15,48323.57,2023-08-11T00:05:56,2023-11-09T00:05:56,,overdue,False,4509717011737,GL-1056,CC-156,Invoice for PO PO-b0b2261b15,2023-08-15 00:05:56
INV-0248bcd2,PO-b0b2261b15,46436.74,2023-08-10T00:05:56,2023-11-08T00:05:56,2023-10-24T00:05:56,paid,False,5435331120052,GL-1057,CC-156,Invoice for PO PO-b0b2261b15,2023-08-16 00:05:56
INV-07dc95fd,PO-b0b2261b15,55239.69,2023-08-11T00:05:56,2023-11-09T00:05:56,2023-10-30T00:05:56,paid,False,1489051747406,GL-1196,CC-156,Invoice for PO PO-b0b2261b15,2023-08-12 00:05:56
INV-0747e034,PO-b12826f9ee,112066.17,2024-06-28T00:14:34,2024-08-27T00:14:34,2024-08-13T00:14:34,paid,False,0206915185843,GL-1117,CC-103,Invoice for PO PO-b12826f9ee,2024-07-06 00:14:34
INV-9ae48594,PO-b22d80f19f,150000.0,2025-02-02T23:56:24,2025-03-04T23:56:24,2025-02-20T23:56:24,paid,False,4012613508718,GL-1066,CC-134,Invoice for PO PO-b22d80f19f,2025-02-04 23:56:24
INV-e473236a,PO-b30894d289,45309.84,2024-12-31T00:04:52,2025-01-30T00:04:52,2025-01-17T00:04:52,paid,False,6076199284730,GL-1171,CC-170,Invoice for PO PO-b30894d289,2025-01-03 00:04:52
INV-3a855670,PO-b30894d289,53871.52,2024-12-30T00:04:52,2025-01-29T00:04:52,2025-01-22T00:04:52,paid,False,6880756173630,GL-1043,CC-170,Invoice for PO PO-b30894d289,2025-01-09 00:04:52
INV-2ba7df1a,PO-b30894d289,50818.65,2024-12-28T00:04:52,2025-01-27T00:04:52,2025-01-19T00:04:52,paid,False,3106455502445,GL-1032,CC-170,Invoice for PO PO-b30894d289,2024-12-29 00:04:52
INV-48f3ec3d,PO-b4754b4e29,5769.81,2023-03-12T00:15:30,2023-06-10T00:15:30,2023-05-28T00:15:30,paid,False,3329417788002,GL-1129,CC-172,Invoice for PO PO-b4754b4e29,2023-03-13 00:15:30
INV-7faea149,PO-b4754b4e29,6330.24,2023-03-11T00:15:30,2023-06-09T00:15:30,2023-06-07T00:15:30,paid,False,5554408272323,GL-1112,CC-172,Invoice for PO PO-b4754b4e29,2023-03-20 00:15:30
INV-8dd5b56d,PO-b4754b4e29,5401.46,2023-03-13T00:15:30,2023-06-11T00:15:30,2023-05-31T00:15:30,paid,False,0258116719495,GL-1023,CC-172,Invoice for PO PO-b4754b4e29,2023-03-20 00:15:30
INV-6cb7f5ce,PO-b6b36b0e79,146928.89,2023-12-30T23:56:27,2024-02-28T23:56:27,2024-02-13T23:56:27,paid,False,3515663962734,GL-1020,CC-173,Invoice for PO PO-b6b36b0e79,2024-01-04 23:56:27
INV-7e08e23f,PO-b7dfb371e8,1406.49,2023-12-02T00:13:35,2024-03-01T00:13:35,2024-02-24T00:13:35,paid,False,0671328750894,GL-1089,CC-175,Invoice for PO PO-b7dfb371e8,2023-12-05 00:13:35
INV-cdd34359,PO-b7dfb371e8,1413.8,2023-12-05T00:13:35,2024-03-04T00:13:35,2024-03-21T00:13:35,paid,True,5267658655623,GL-1126,CC-175,Invoice for PO PO-b7dfb371e8,2023-12-09 00:13:35
INV-5b248da7,PO-b7dfb371e8,1867.23,2023-12-02T00:13:35,2024-03-01T00:13:35,2024-02-16T00:13:35,paid,False,7675792473351,GL-1195,CC-175,Invoice for PO PO-b7dfb371e8,2023-12-07 00:13:35
INV-12e180b6,PO-b89d519319,93122.97,2025-12-02T00:10:31,2026-03-02T00:10:31,2026-02-16T00:10:31,paid,False,5985837464322,GL-1136,CC-161,Invoice for PO PO-b89d519319,2025-12-10 00:10:31
INV-8e288b1f,PO-bb7087cd76,150000.0,2025-09-10T23:56:50,2025-10-10T23:56:50,2025-10-01T23:56:50,paid,False,2791362972088,GL-1118,CC-125,Invoice for PO PO-bb7087cd76,2025-09-11 23:56:50
INV-80ff4b39,PO-bb7f3cbd66,9641.31,2023-03-18T00:07:31,2023-05-17T00:07:31,2023-05-14T00:07:31,paid,False,5617260278558,GL-1148,CC-161,Invoice for PO PO-bb7f3cbd66,2023-03-22 00:07:31
INV-54a6e2cc,PO-bb7f3cbd66,8965.32,2023-03-16T00:07:31,2023-05-15T00:07:31,2023-05-13T00:07:31,paid,False,4184240486704,GL-1033,CC-161,Invoice for PO PO-bb7f3cbd66,2023-03-26 00:07:31
INV-19071a6e,PO-bda48a785e,35018.69,2024-11-02T00:04:24,2025-01-01T00:04:24,2024-12-25T00:04:24,paid,False,9431259049099,GL-1009,CC-100,Invoice for PO PO-bda48a785e,2024-11-12 00:04:24
INV-384d99fa,PO-bda48a785e,29482.43,2024-11-01T00:04:24,2024-12-31T00:04:24,2024-12-29T00:04:24,paid,False,7461807940754,GL-1006,CC-100,Invoice for PO PO-bda48a785e,2024-11-04 00:04:24
INV-66803872,PO-bdc4f2bace,32290.57,2024-11-10T00:05:18,2025-02-08T00:05:18,2025-01-29T00:05:18,paid,False,3553862755115,GL-1016,CC-127,Invoice for PO PO-bdc4f2bace,2024-11-14 00:05:18
INV-b3309970,PO-bdc95a1857,150000.0,2024-11-09T00:13:41,2024-12-09T00:13:41,2024-11-29T00:13:41,paid,False,5563975866637,GL-1087,CC-107,Invoice for PO PO-bdc95a1857,2024-11-11 00:13:41
INV-906b4f0c,PO-be3ec51311,150000.0,2024-11-24T23:53:48,2025-02-22T23:53:48,2025-02-17T23:53:48,paid,False,0333047701587,GL-1147,CC-108,Invoice for PO PO-be3ec51311,2024-12-03 23:53:48
INV-a1304df3,PO-bf1e18e857,80577.86,2023-11-11T23:56:29,2024-01-10T23:56:29,2023-12-27T23:56:29,paid,False,7027911634493,GL-1114,CC-159,Invoice for PO PO-bf1e18e857,2023-11-12 23:56:29
INV-13a6cf8d,PO-c153b4711c,150000.0,2023-01-29T23:55:44,2023-02-28T23:55:44,2023-02-21T23:55:44,paid,False,1138054671958,GL-1126,CC-166,Invoice for PO PO-c153b4711c,2023-02-02 23:55:44
INV-a99d94ad,PO-c1a9a6640f,9724.79,2023-03-09T23:59:46,2023-04-08T23:59:46,2023-03-28T23:59:46,paid,False,6160252352501,GL-1070,CC-106,Invoice for PO PO-c1a9a6640f,2023-03-15 23:59:46
INV-64c6c21a,PO-c1d09d99fc,3060.86,2024-01-07T23:52:55,2024-02-06T23:52:55,2024-02-22T23:52:55,paid,True,6548879046292,GL-1092,CC-139,Invoice for PO PO-c1d09d99fc,2024-01-14 23:52:55
INV-69b66e90,PO-c1d09d99fc,2837.77,2024-01-07T23:52:55,2024-02-06T23:52:55,2024-01-22T23:52:55,paid,False,4148571124827,GL-1176,CC-139,Invoice for PO PO-c1d09d99fc,2024-01-09 23:52:55
INV-aef6592b,PO-c27dbbd3be,5592.57,2024-11-17T00:06:11,2025-01-16T00:06:11,2025-01-04T00:06:11,paid,False,7342174095851,GL-1182,CC-149,Invoice for PO PO-c27dbbd3be,2024-11-25 00:06:11
INV-391e5763,PO-c27dbbd3be,6020.58,2024-11-20T00:06:11,2025-01-19T00:06:11,2025-02-02T00:06:11,paid,True,1483815945664,GL-1091,CC-149,Invoice for PO PO-c27dbbd3be,2024-11-25 00:06:11
INV-f6fca060,PO-c4cf45cb4a,24561.81,2025-07-01T00:05:18,2025-08-30T00:05:18,2025-09-03T00:05:18,paid,True,1098588718133,GL-1113,CC-145,Invoice for PO PO-c4cf45cb4a,2025-07-03 00:05:18
INV-02e0b7cc,PO-c4cf45cb4a,24024.7,2025-06-29T00:05:18,2025-08-28T00:05:18,2025-08-14T00:05:18,paid,False,8940982411918,GL-1079,CC-145,Invoice for PO PO-c4cf45cb4a,2025-07-08 00:05:18
INV-33ac19b5,PO-c4cf45cb4a,23755.54,2025-06-29T00:05:18,2025-08-28T00:05:18,2025-08-25T00:05:18,paid,False,0300426190539,GL-1157,CC-145,Invoice for PO PO-c4cf45cb4a,2025-06-30 00:05:18
INV-822aa8b8,PO-c7979c881e,22994.86,2025-04-13T23:51:13,2025-07-12T23:51:13,2025-08-01T23:51:13,paid,True,7887057637808,GL-1136,CC-103,Invoice for PO PO-c7979c881e,2025-04-21 23:51:13
INV-6a4021b2,PO-c86e4546a6,7935.95,2023-06-09T23:53:58,2023-07-09T23:53:58,2023-07-20T23:53:58,paid,True,7075197707141,GL-1103,CC-123,Invoice for PO PO-c86e4546a6,2023-06-15 23:53:58
INV-93774936,PO-c86e4546a6,7258.58,2023-06-10T23:53:58,2023-07-10T23:53:58,,overdue,False,3762601695265,GL-1023,CC-123,Invoice for PO PO-c86e4546a6,2023-06-20 23:53:58
INV-06967972,PO-c93c596007,5295.34,2025-04-30T23:47:45,2025-07-29T23:47:45,2025-08-16T23:47:45,paid,True,8525698440973,GL-1064,CC-103,Invoice for PO PO-c93c596007,2025-05-05 23:47:45
INV-2d0a1f77,PO-c960c71c88,104344.93,2025-03-02T23:59:12,2025-05-01T23:59:12,2025-04-18T23:59:12,paid,False,3455730156225,GL-1174,CC-128,Invoice for PO PO-c960c71c88,2025-03-09 23:59:12
INV-3fee402d,PO-c9660957cd,53738.02,2025-10-19T00:12:36,2025-12-18T00:12:36,2025-12-15T00:12:36,paid,False,4121978466486,GL-1180,CC-104,Invoice for PO PO-c9660957cd,2025-10-28 00:12:36
INV-dece9d62,PO-c9660957cd,54061.57,2025-10-18T00:12:36,2025-12-17T00:12:36,2025-12-09T00:12:36,paid,False,1974023698041,GL-1035,CC-104,Invoice for PO PO-c9660957cd,2025-10-22 00:12:36
INV-dae9f1ff,PO-c9660957cd,42200.41,2025-10-22T00:12:36,2025-12-21T00:12:36,2025-12-19T00:12:36,paid,False,5031277491517,GL-1085,CC-104,Invoice for PO PO-c9660957cd,2025-10-26 00:12:36
INV-bbfa1e4b,PO-c96b8baa66,15007.15,2024-10-23T23:56:25,2024-12-22T23:56:25,2024-12-11T23:56:25,paid,False,9664194210884,GL-1195,CC-135,Invoice for PO PO-c96b8baa66,2024-10-27 23:56:25
INV-7d49b427,PO-c96b8baa66,16026.12,2024-10-22T23:56:25,2024-12-21T23:56:25,2024-12-08T23:56:25,paid,False,2352087002445,GL-1088,CC-135,Invoice for PO PO-c96b8baa66,2024-10-26 23:56:25
INV-8b5199e8,PO-c96b8baa66,16478.97,2024-10-20T23:56:25,2024-12-19T23:56:25,2024-12-14T23:56:25,paid,False,3807835875004,GL-1126,CC-135,Invoice for PO PO-c96b8baa66,2024-10-25 23:56:25
INV-78418e46,PO-c96d6c12e6,33018.32,2025-11-18T23:52:12,2026-01-17T23:52:12,2026-01-04T23:52:12,paid,False,5347887878496,GL-1087,CC-156,Invoice for PO PO-c96d6c12e6,2025-11-28 23:52:12
INV-a8e696ae,PO-c96d6c12e6,28074.34,2025-11-15T23:52:12,2026-01-14T23:52:12,2026-01-06T23:52:12,paid,False,0950053433723,GL-1200,CC-156,Invoice for PO PO-c96d6c12e6,2025-11-24 23:52:12
INV-2a7ead3b,PO-ca52017cf9,86468.1,2023-06-26T23:52:27,2023-09-24T23:52:27,2023-09-18T23:52:27,paid,False,9122562950065,GL-1158,CC-132,Invoice for PO PO-ca52017cf9,2023-07-04 23:52:27
INV-c2eea5c2,PO-cb23cffe32,68677.02,2024-05-03T00:11:50,2024-08-01T00:11:50,2024-07-22T00:11:50,paid,False,1721742396174,GL-1111,CC-150,Invoice for PO PO-cb23cffe32,2024-05-04 00:11:50
INV-f268553b,PO-cb23cffe32,81322.98,2024-05-01T00:11:50,2024-07-30T00:11:50,2024-08-05T00:11:50,paid,True,3223272426799,GL-1017,CC-150,Invoice for PO PO-cb23cffe32,2024-05-03 00:11:50
INV-e419c550,PO-cb863bd110,37421.23,2025-11-19T23:57:47,2026-02-17T23:57:47,2026-02-28T23:57:47,paid,True,4411308634938,GL-1035,CC-112,Invoice for PO PO-cb863bd110,2025-11-22 23:57:47
INV-0ed97fa5,PO-cb863bd110,44166.25,2025-11-19T23:57:47,2026-02-17T23:57:47,2026-02-16T23:57:47,paid,False,2336896662441,GL-1082,CC-112,Invoice for PO PO-cb863bd110,2025-11-21 23:57:47
INV-a79afc01,PO-cc47e08ed4,71277.99,2023-09-05T00:13:59,2023-10-05T00:13:59,2023-09-20T00:13:59,paid,False,2674230490115,GL-1172,CC-127,Invoice for PO PO-cc47e08ed4,2023-09-07 00:13:59
INV-0a982c64,PO-cc47e08ed4,78722.01,2023-09-04T00:13:59,2023-10-04T00:13:59,2023-10-29T00:13:59,paid,True,7179433019996,GL-1174,CC-127,Invoice for PO PO-cc47e08ed4,2023-09-11 00:13:59
INV-c94572e6,PO-ce1059993c,150000.0,2025-07-13T23:49:03,2025-09-11T23:49:03,2025-09-05T23:49:03,paid,False,0786080689938,GL-1197,CC-122,Invoice for PO PO-ce1059993c,2025-07-17 23:49:03
INV-d217c808,PO-cf761ee680,53683.05,2024-09-22T23:58:36,2024-12-21T23:58:36,2025-01-14T23:58:36,paid,True,0719202933947,GL-1007,CC-128,Invoice for PO PO-cf761ee680,2024-09-24 23:58:36
INV-37ea2e03,PO-cf761ee680,53018.75,2024-09-18T23:58:36,2024-12-17T23:58:36,,overdue,False,7202575617048,GL-1040,CC-128,Invoice for PO PO-cf761ee680,2024-09-19 23:58:36
INV-0728fc5b,PO-cf761ee680,43298.2,2024-09-19T23:58:36,2024-12-18T23:58:36,2024-12-07T23:58:36,paid,False,9235587428218,GL-1017,CC-128,Invoice for PO PO-cf761ee680,2024-09-23 23:58:36
INV-2928588a,PO-cfca27fb0f,612.48,2023-10-28T00:11:06,2024-01-26T00:11:06,2024-01-13T00:11:06,paid,False,4262934988434,GL-1193,CC-139,Invoice for PO PO-cfca27fb0f,2023-10-30 00:11:06
INV-d52b4eb2,PO-cffc398a5a,75915.26,2023-04-19T00:15:48,2023-05-19T00:15:48,2023-05-13T00:15:48,paid,False,1896259421258,GL-1032,CC-177,Invoice for PO PO-cffc398a5a,2023-04-20 00:15:48
INV-01558378,PO-cffc398a5a,74084.74,2023-04-19T00:15:48,2023-05-19T00:15:48,2023-05-18T00:15:48,paid,False,8157840026287,GL-1137,CC-177,Invoice for PO PO-cffc398a5a,2023-04-27 00:15:48
INV-aa8a56e7,PO-d00dd80e98,150000.0,2025-08-24T00:13:20,2025-10-23T00:13:20,2025-10-08T00:13:20,paid,False,0458588945204,GL-1017,CC-171,Invoice for PO PO-d00dd80e98,2025-08-29 00:13:20
INV-426c2856,PO-d023f91110,2385.07,2024-05-12T00:00:22,2024-07-11T00:00:22,2024-06-29T00:00:22,paid,False,3031997423968,GL-1018,CC-172,Invoice for PO PO-d023f91110,2024-05-20 00:00:22
INV-87dc4a43,PO-d43ef62a05,2560.93,2025-01-04T23:51:41,2025-04-04T23:51:41,2025-03-20T23:51:41,paid,False,4559312170421,GL-1190,CC-180,Invoice for PO PO-d43ef62a05,2025-01-09 23:51:41
INV-0e6580b5,PO-d43ef62a05,2223.93,2025-01-06T23:51:41,2025-04-06T23:51:41,2025-03-23T23:51:41,paid,False,9907010021104,GL-1028,CC-180,Invoice for PO PO-d43ef62a05,2025-01-15 23:51:41
INV-03d3d75d,PO-d7b2b6efb7,19299.28,2023-07-02T00:13:34,2023-09-30T00:13:34,2023-09-16T00:13:34,paid,False,9480660409749,GL-1166,CC-143,Invoice for PO PO-d7b2b6efb7,2023-07-06 00:13:34
INV-62ed9de1,PO-d7e2739e84,5013.45,2024-09-28T23:51:56,2024-12-27T23:51:56,2024-12-17T23:51:56,paid,False,5247627810871,GL-1180,CC-174,Invoice for PO PO-d7e2739e84,2024-09-30 23:51:56
INV-56b961a9,PO-d7e2739e84,4154.8,2024-09-28T23:51:56,2024-12-27T23:51:56,2024-12-23T23:51:56,paid,False,1131410239533,GL-1198,CC-174,Invoice for PO PO-d7e2739e84,2024-10-04 23:51:56
INV-3187b9dd,PO-d925b96c78,13071.75,2024-08-07T23:53:09,2024-09-06T23:53:09,2024-09-03T23:53:09,paid,False,7427570743893,GL-1020,CC-102,Invoice for PO PO-d925b96c78,2024-08-09 23:53:09
INV-b6cc62b5,PO-d925b96c78,12735.62,2024-08-03T23:53:09,2024-09-02T23:53:09,2024-08-25T23:53:09,paid,False,9181094385196,GL-1073,CC-102,Invoice for PO PO-d925b96c78,2024-08-12 23:53:09
INV-79519690,PO-da84f4982b,76356.03,2023-01-29T23:59:43,2023-03-30T23:59:43,2023-03-18T23:59:43,paid,False,1166447883503,GL-1116,CC-176,Invoice for PO PO-da84f4982b,2023-01-31 23:59:43
INV-43e12e54,PO-da84f4982b,73643.97,2023-02-01T23:59:43,2023-04-02T23:59:43,2023-03-30T23:59:43,paid,False,2536979083266,GL-1113,CC-176,Invoice for PO PO-da84f4982b,2023-02-08 23:59:43
INV-638a367a,PO-db8b33783f,81582.41,2024-08-11T00:09:10,2024-10-10T00:09:10,2024-10-31T00:09:10,paid,True,6725659379775,GL-1088,CC-128,Invoice for PO PO-db8b33783f,2024-08-14 00:09:10
INV-ef2bfb5e,PO-deba30f7e9,29334.19,2025-11-26T23:54:46,2026-01-25T23:54:46,2026-01-22T23:54:46,paid,False,0214001706285,GL-1160,CC-167,Invoice for PO PO-deba30f7e9,2025-11-27 23:54:46
INV-03516fc6,PO-deda614391,11100.55,2023-10-10T00:02:08,2023-12-09T00:02:08,2023-12-03T00:02:08,paid,False,3879105934377,GL-1058,CC-149,Invoice for PO PO-deda614391,2023-10-14 00:02:08
INV-61bdcb31,PO-dee1da3d2c,150000.0,2024-06-30T00:00:05,2024-08-29T00:00:05,2024-08-22T00:00:05,paid,False,4961431979913,GL-1163,CC-179,Invoice for PO PO-dee1da3d2c,2024-07-09 00:00:05
INV-c5fe667f,PO-dfdc7cb8f8,69264.58,2023-12-21T00:01:36,2024-01-20T00:01:36,2024-01-08T00:01:36,paid,False,6907638063589,GL-1051,CC-127,Invoice for PO PO-dfdc7cb8f8,2023-12-28 00:01:36
INV-ec44cefd,PO-dfdc7cb8f8,80735.42,2023-12-21T00:01:36,2024-01-20T00:01:36,2024-01-09T00:01:36,paid,False,9362630691159,GL-1036,CC-127,Invoice for PO PO-dfdc7cb8f8,2023-12-29 00:01:36
INV-81d63793,PO-e2255f877a,78414.81,2024-06-29T23:48:01,2024-07-29T23:48:01,,overdue,False,6678888236046,GL-1084,CC-114,Invoice for PO PO-e2255f877a,2024-07-02 23:48:01
INV-f285639e,PO-e3f15f4338,76513.62,2025-02-01T00:12:54,2025-05-02T00:12:54,2025-04-28T00:12:54,paid,False,6662989562210,GL-1199,CC-147,Invoice for PO PO-e3f15f4338,2025-02-08 00:12:54
INV-447be1b8,PO-e3f15f4338,73486.38,2025-02-02T00:12:54,2025-05-03T00:12:54,2025-04-26T00:12:54,paid,False,6528098809632,GL-1120,CC-147,Invoice for PO PO-e3f15f4338,2025-02-06 00:12:54
INV-59bc3d34,PO-e538bb15c9,82386.93,2025-01-14T23:54:56,2025-03-15T23:54:56,2025-04-04T23:54:56,paid,True,6513780343747,GL-1121,CC-167,Invoice for PO PO-e538bb15c9,2025-01-15 23:54:56
INV-31024e91,PO-e538bb15c9,67613.07,2025-01-15T23:54:56,2025-03-16T23:54:56,2025-03-03T23:54:56,paid,False,3876805794164,GL-1058,CC-167,Invoice for PO PO-e538bb15c9,2025-01-23 23:54:56
INV-de3ceb50,PO-e78e456861,150000.0,2024-04-01T00:14:45,2024-06-30T00:14:45,2024-06-24T00:14:45,paid,False,0318037419666,GL-1164,CC-160,Invoice for PO PO-e78e456861,2024-04-07 00:14:45
INV-e3399b58,PO-e7d1d1d4c8,11866.53,2023-08-08T00:11:50,2023-11-06T00:11:50,2023-10-30T00:11:50,paid,False,1542894543854,GL-1028,CC-103,Invoice for PO PO-e7d1d1d4c8,2023-08-12 00:11:50
INV-186bc8aa,PO-e7d1d1d4c8,11303.33,2023-08-08T00:11:50,2023-11-06T00:11:50,2023-10-22T00:11:50,paid,False,6154662402628,GL-1036,CC-103,Invoice for PO PO-e7d1d1d4c8,2023-08-11 00:11:50
INV-b906146e,PO-e96e874630,40710.57,2023-07-22T23:56:57,2023-09-20T23:56:57,2023-10-11T23:56:57,paid,True,1306558879532,GL-1112,CC-104,Invoice for PO PO-e96e874630,2023-07-31 23:56:57
INV-d223f9a4,PO-e96e874630,39832.82,2023-07-26T23:56:57,2023-09-24T23:56:57,,overdue,False,7256401663730,GL-1045,CC-104,Invoice for PO PO-e96e874630,2023-07-27 23:56:57
INV-afe8febc,PO-e96e874630,39431.6,2023-07-22T23:56:57,2023-09-20T23:56:57,2023-10-12T23:56:57,paid,True,3034825508196,GL-1188,CC-104,Invoice for PO PO-e96e874630,2023-07-26 23:56:57
INV-1ce2bf3d,PO-ea761f2617,6121.24,2025-07-21T00:00:47,2025-09-19T00:00:47,2025-09-15T00:00:47,paid,False,8734869917422,GL-1057,CC-140,Invoice for PO PO-ea761f2617,2025-07-25 00:00:47
INV-bd6a9f75,PO-ec7431c3a9,5853.06,2023-03-23T23:46:30,2023-04-22T23:46:30,2023-04-30T23:46:30,paid,True,5150811554393,GL-1022,CC-123,Invoice for PO PO-ec7431c3a9,2023-03-28 23:46:30
INV-ed234721,PO-ec7431c3a9,4911.85,2023-03-23T23:46:30,2023-04-22T23:46:30,2023-04-12T23:46:30,paid,False,1324990796705,GL-1195,CC-123,Invoice for PO PO-ec7431c3a9,2023-03-30 23:46:30
INV-4bdf6b7b,PO-ece443cabf,2219.7,2025-01-20T23:55:07,2025-02-19T23:55:07,2025-02-18T23:55:07,paid,False,6819896364691,GL-1055,CC-112,Invoice for PO PO-ece443cabf,2025-01-28 23:55:07
INV-dda1663c,PO-ece443cabf,2216.77,2025-01-22T23:55:07,2025-02-21T23:55:07,2025-02-19T23:55:07,paid,False,6803954245558,GL-1106,CC-112,Invoice for PO PO-ece443cabf,2025-01-25 23:55:07
INV-33876b91,PO-ece443cabf,1738.88,2025-01-20T23:55:07,2025-02-19T23:55:07,2025-02-14T23:55:07,paid,False,9174801485135,GL-1129,CC-112,Invoice for PO PO-ece443cabf,2025-01-26 23:55:07
INV-9fc8872e,PO-ece4cc21b1,1544.32,2023-11-20T00:15:14,2024-02-18T00:15:14,2024-02-03T00:15:14,paid,False,9775454149025,GL-1052,CC-108,Invoice for PO PO-ece4cc21b1,2023-11-30 00:15:14
INV-15b085cf,PO-ece4cc21b1,1515.34,2023-11-19T00:15:14,2024-02-17T00:15:14,2024-02-08T00:15:14,paid,False,7959064922786,GL-1069,CC-108,Invoice for PO PO-ece4cc21b1,2023-11-28 00:15:14
INV-7917ed31,PO-ede4edb70f,144183.74,2023-03-13T00:15:54,2023-04-12T00:15:54,2023-04-09T00:15:54,paid,False,4368759966159,GL-1082,CC-180,Invoice for PO PO-ede4edb70f,2023-03-18 00:15:54
INV-f36a42f9,PO-ee9e8a2a22,1183.73,2023-11-03T00:10:05,2024-01-02T00:10:05,2023-12-24T00:10:05,paid,False,7157644048479,GL-1064,CC-142,Invoice for PO PO-ee9e8a2a22,2023-11-05 00:10:05
INV-dc28433d,PO-ee9e8a2a22,1168.73,2023-11-06T00:10:05,2024-01-05T00:10:05,2024-01-16T00:10:05,paid,True,3409566425321,GL-1193,CC-142,Invoice for PO PO-ee9e8a2a22,2023-11-13 00:10:05
INV-c533b96e,PO-eef93ae57b,14825.99,2023-10-02T00:06:45,2023-12-31T00:06:45,2023-12-17T00:06:45,paid,False,8069338367355,GL-1063,CC-154,Invoice for PO PO-eef93ae57b,2023-10-05 00:06:45
INV-296a08b9,PO-eef93ae57b,13036.2,2023-10-01T00:06:45,2023-12-30T00:06:45,2024-01-15T00:06:45,paid,True,7777908960028,GL-1114,CC-154,Invoice for PO PO-eef93ae57b,2023-10-04 00:06:45
INV-a6fc372c,PO-f040ffbafc,54879.43,2023-12-31T00:15:42,2024-01-30T00:15:42,2024-01-17T00:15:42,paid,False,0119961800137,GL-1191,CC-129,Invoice for PO PO-f040ffbafc,2024-01-10 00:15:42
INV-cf3bcb85,PO-f040ffbafc,51274.73,2023-12-31T00:15:42,2024-01-30T00:15:42,2024-01-27T00:15:42,paid,False,2547751315475,GL-1094,CC-129,Invoice for PO PO-f040ffbafc,2024-01-03 00:15:42
INV-a1b5eb91,PO-f040ffbafc,43845.84,2024-01-02T00:15:42,2024-02-01T00:15:42,2024-01-23T00:15:42,paid,False,6293293613437,GL-1075,CC-129,Invoice for PO PO-f040ffbafc,2024-01-08 00:15:42
INV-7ace4d6f,PO-f07e9af07c,3894.81,2023-04-30T23:44:12,2023-07-29T23:44:12,2023-07-20T23:44:12,paid,False,5079264393611,GL-1022,CC-179,Invoice for PO PO-f07e9af07c,2023-05-04 23:44:12
INV-7be4e6ce,PO-f0ca0d7d29,51098.4,2024-12-03T00:11:29,2025-03-03T00:11:29,2025-02-20T00:11:29,paid,False,4741181260789,GL-1072,CC-149,Invoice for PO PO-f0ca0d7d29,2024-12-06 00:11:29
INV-4433b997,PO-f0ca0d7d29,45373.19,2024-12-02T00:11:29,2025-03-02T00:11:29,2025-02-27T00:11:29,paid,False,6821328331829,GL-1172,CC-149,Invoice for PO PO-f0ca0d7d29,2024-12-05 00:11:29
INV-6f29456c,PO-f0ca0d7d29,43513.43,2024-11-30T00:11:29,2025-02-28T00:11:29,2025-02-19T00:11:29,paid,False,8923158191661,GL-1029,CC-149,Invoice for PO PO-f0ca0d7d29,2024-12-05 00:11:29
INV-24d33f24,PO-f21413cb4d,76679.64,2024-01-09T23:50:40,2024-02-08T23:50:40,2024-02-03T23:50:40,paid,False,9583580239134,GL-1188,CC-148,Invoice for PO PO-f21413cb4d,2024-01-10 23:50:40
INV-47d8cf54,PO-f21413cb4d,73320.36,2024-01-06T23:50:40,2024-02-05T23:50:40,,overdue,False,9962448705095,GL-1132,CC-148,Invoice for PO PO-f21413cb4d,2024-01-12 23:50:40
INV-aad549f4,PO-f24c16a388,150000.0,2024-10-07T23:57:18,2024-12-06T23:57:18,2024-12-05T23:57:18,paid,False,9197673340708,GL-1148,CC-118,Invoice for PO PO-f24c16a388,2024-10-12 23:57:18
INV-780e8f5c,PO-f29b8bffec,2121.77,2025-11-08T00:02:12,2026-01-07T00:02:12,2026-01-10T00:02:12,paid,True,3509547875784,GL-1013,CC-140,Invoice for PO PO-f29b8bffec,2025-11-09 00:02:12
INV-c6454282,PO-f29b8bffec,2388.35,2025-11-07T00:02:12,2026-01-06T00:02:12,2025-12-28T00:02:12,paid,False,9930134927267,GL-1058,CC-140,Invoice for PO PO-f29b8bffec,2025-11-14 00:02:12
INV-ef6b6073,PO-f29b8bffec,2139.76,2025-11-04T00:02:12,2026-01-03T00:02:12,2025-12-21T00:02:12,paid,False,6915682368024,GL-1036,CC-140,Invoice for PO PO-f29b8bffec,2025-11-10 00:02:12
INV-a670c188,PO-f343f568a5,147359.34,2023-07-27T00:14:17,2023-08-26T00:14:17,2023-09-12T00:14:17,paid,True,8943449914557,GL-1149,CC-126,Invoice for PO PO-f343f568a5,2023-07-31 00:14:17
INV-692aaeac,PO-f562507651,14626.56,2025-09-27T00:00:15,2025-10-27T00:00:15,2025-10-20T00:00:15,paid,False,7414389099426,GL-1056,CC-171,Invoice for PO PO-f562507651,2025-09-28 00:00:15
INV-8fc54538,PO-f62e596fa1,3273.72,2023-12-03T00:05:20,2024-03-02T00:05:20,2024-02-28T00:05:20,paid,False,4972949695752,GL-1002,CC-107,Invoice for PO PO-f62e596fa1,2023-12-09 00:05:20
INV-3f030167,PO-f62e596fa1,2824.24,2023-12-03T00:05:20,2024-03-02T00:05:20,2024-03-01T00:05:20,paid,False,5403672175321,GL-1099,CC-107,Invoice for PO PO-f62e596fa1,2023-12-13 00:05:20
INV-250a4744,PO-f6c9d41649,46513.27,2023-11-05T00:15:56,2023-12-05T00:15:56,2023-11-27T00:15:56,paid,False,7148334307075,GL-1026,CC-180,Invoice for PO PO-f6c9d41649,2023-11-15 00:15:56
INV-ca9f3f75,PO-f6c9d41649,49000.73,2023-11-05T00:15:56,2023-12-05T00:15:56,2023-11-27T00:15:56,paid,False,0231272001826,GL-1184,CC-180,Invoice for PO PO-f6c9d41649,2023-11-06 00:15:56
INV-19413228,PO-f6c9d41649,54486.0,2023-11-02T00:15:56,2023-12-02T00:15:56,2023-11-27T00:15:56,paid,False,6312941752035,GL-1064,CC-180,Invoice for PO PO-f6c9d41649,2023-11-03 00:15:56
INV-2eb21ded,PO-f8799da00d,46049.34,2023-06-28T00:02:22,2023-09-26T00:02:22,2023-09-20T00:02:22,paid,False,5782492303504,GL-1035,CC-172,Invoice for PO PO-f8799da00d,2023-07-04 00:02:22
INV-a9566ab0,PO-f8799da00d,43081.92,2023-06-27T00:02:22,2023-09-25T00:02:22,2023-09-18T00:02:22,paid,False,9575416714915,GL-1008,CC-172,Invoice for PO PO-f8799da00d,2023-07-04 00:02:22
INV-882e9353,PO-f9185e904d,31363.72,2023-10-12T23:58:18,2023-11-11T23:58:18,2023-11-02T23:58:18,paid,False,0816471585782,GL-1052,CC-139,Invoice for PO PO-f9185e904d,2023-10-16 23:58:18
INV-83a774cf,PO-f91bc0ee0d,70840.74,2023-06-20T23:55:57,2023-07-20T23:55:57,2023-07-12T23:55:57,paid,False,6123299371201,GL-1081,CC-137,Invoice for PO PO-f91bc0ee0d,2023-06-25 23:55:57
INV-3cf4fcee,PO-f91bc0ee0d,79159.26,2023-06-20T23:55:57,2023-07-20T23:55:57,2023-07-05T23:55:57,paid,False,0760281450214,GL-1108,CC-137,Invoice for PO PO-f91bc0ee0d,2023-06-21 23:55:57
INV-db8795bb,PO-f981d1f12a,36545.46,2024-05-02T00:13:35,2024-07-01T00:13:35,2024-06-28T00:13:35,paid,False,8538166214631,GL-1150,CC-131,Invoice for PO PO-f981d1f12a,2024-05-12 00:13:35
INV-853dcd02,PO-faa9e04b25,77057.5,2024-03-31T23:57:32,2024-04-30T23:57:32,2024-04-23T23:57:32,paid,False,7505687224891,GL-1100,CC-121,Invoice for PO PO-faa9e04b25,2024-04-06 23:57:32
INV-f83aebdc,PO-faa9e04b25,72942.5,2024-03-30T23:57:32,2024-04-29T23:57:32,2024-04-21T23:57:32,paid,False,1254836582509,GL-1082,CC-121,Invoice for PO PO-faa9e04b25,2024-04-04 23:57:32
INV-aef3bab4,PO-fafc168422,49344.68,2023-04-18T23:55:21,2023-06-17T23:55:21,2023-06-04T23:55:21,paid,False,1640440651937,GL-1106,CC-134,Invoice for PO PO-fafc168422,2023-04-19 23:55:21
INV-535be498,PO-fafc168422,48179.19,2023-04-16T23:55:21,2023-06-15T23:55:21,2023-06-09T23:55:21,paid,False,1802258512347,GL-1102,CC-134,Invoice for PO PO-fafc168422,2023-04-20 23:55:21
INV-a76912e3,PO-fafc168422,52476.13,2023-04-15T23:55:21,2023-06-14T23:55:21,2023-07-05T23:55:21,paid,True,1178399491781,GL-1177,CC-134,Invoice for PO PO-fafc168422,2023-04-24 23:55:21
INV-66e191ff,PO-fd7b4df3fd,6777.69,2025-09-03T00:09:35,2025-11-02T00:09:35,2025-10-25T00:09:35,paid,False,1452661183575,GL-1189,CC-141,Invoice for PO PO-fd7b4df3fd,2025-09-13 00:09:35
INV-b78511a7,PO-fd7b4df3fd,7430.14,2025-09-02T00:09:35,2025-11-01T00:09:35,2025-10-22T00:09:35,paid,False,6239302077548,GL-1085,CC-141,Invoice for PO PO-fd7b4df3fd,2025-09-08 00:09:35
INV-3e7019f6,PO-fd7b4df3fd,7227.72,2025-09-05T00:09:35,2025-11-04T00:09:35,2025-11-02T00:09:35,paid,False,7330384113960,GL-1065,CC-141,Invoice for PO PO-fd7b4df3fd,2025-09-09 00:09:35
INV-bc1a1dfb,PO-fda6fa9b1f,73932.33,2023-04-08T00:13:14,2023-07-07T00:13:14,2023-08-03T00:13:14,paid,True,7997986232675,GL-1165,CC-164,Invoice for PO PO-fda6fa9b1f,2023-04-16 00:13:14
INV-a510dc88,PO-fda6fa9b1f,76067.67,2023-04-11T00:13:14,2023-07-10T00:13:14,2023-06-26T00:13:14,paid,False,7048707807587,GL-1084,CC-164,Invoice for PO PO-fda6fa9b1f,2023-04-21 00:13:14
